step,agent_id,tree_name,bfm_situation,distance_ft,ata_deg,aa_deg,hca_deg,relative_bearing_deg,ego_altitude_ft,ego_vc_kts,specific_energy_ft,ps_fts,energy_diff_ft,closure_rate_kts,turn_rate_degs,in_wez,enm_in_wez,in_39_line,overshoot_risk,energy_advantage,alt_advantage,spd_advantage,tc_type,side_flag,alt_gap_ft,ego_health,enm_health,ego_damage_dealt,enm_damage_dealt,tau_deg,roll_deg,pitch_deg,action_alt,action_hdg,action_vel,aileron,elevator,rudder,throttle,active_node,reward
0,A0100,adaptive_eagle_v9,HABFM,3297.631970,90.000000,90.000000,180.000000,-90.000000,15000.000480,386.782661,21622.867763,0.000000,-0.000000,-0.000000,0.000000,False,False,False,False,False,False,False,2-circle,-1.000000,-0.000000,100.000000,100.000000,0.000000,0.000000,-90.000000,-0.000000,-0.000000,2,0,3,0.0000,0.0000,0.0000,0.5000,"LeadPursuit",-0.238032
0,B0100,L7_far_low_slow_aggressive,HABFM,3297.631970,90.000000,90.000000,180.000000,-90.000000,15000.000480,386.782661,21622.867763,0.000000,-0.000000,-0.000000,0.000000,False,False,False,False,False,False,False,2-circle,-1.000000,-0.000000,100.000000,100.000000,0.000000,0.000000,-90.000000,-0.000000,-0.000000,0,4,2,0.0000,0.0000,0.0000,0.5000,"DescendTo",-0.239399
1,A0100,adaptive_eagle_v9,HABFM,3313.086172,95.533672,84.499761,179.821376,-95.533746,14999.805930,385.011549,21562.158690,-303.545362,-104.746193,-90.981435,0.039658,False,False,False,False,False,True,False,2-circle,-1.000000,0.465072,100.000000,100.000000,0.000000,0.000000,-90.989766,-0.981685,-1.296548,2,0,3,0.0000,0.0000,0.0000,0.5000,"LeadPursuit",-0.191343
1,B0100,L7_far_low_slow_aggressive,HABFM,3313.086172,95.533672,84.499761,179.821376,-95.533746,14999.805930,385.011549,21562.158690,-303.545362,-104.746193,-90.981435,0.039658,False,False,False,False,False,True,False,2-circle,-1.000000,0.465072,100.000000,100.000000,0.000000,0.000000,-90.989766,-0.981685,-1.296548,0,4,2,0.0000,0.0000,0.0000,0.5000,"DescendTo",-0.211393
2,A0100,adaptive_eagle_v9,HABFM,3358.258876,100.968433,79.612458,178.671388,-100.971720,14998.239649,383.292669,21502.128083,-300.153035,-138.675360,-174.754982,0.112679,False,False,False,False,False,True,False,2-circle,-1.000000,5.380058,100.000000,100.000000,0.000000,0.000000,-92.868925,-2.775429,-4.535134,2,0,3,0.0000,0.0000,0.0000,0.5000,"LeadPursuit",-0.135758
2,B0100,L7_far_low_slow_aggressive,HABFM,3358.258876,100.968433,79.612458,178.671388,-100.971720,14998.239649,383.292669,21502.128083,-300.153035,-138.675360,-174.754982,0.112679,False,False,False,False,False,True,False,2-circle,-1.000000,5.380058,100.000000,100.000000,0.000000,0.000000,-92.868925,-2.775429,-4.535134,0,4,2,0.0000,0.0000,0.0000,0.5000,"DescendTo",-0.185663
3,A0100,adaptive_eagle_v9,HABFM,3429.648288,106.220852,75.888308,177.051045,-106.245613,14993.944460,381.459691,21435.775987,-331.760484,-149.837212,-245.684237,0.192002,False,False,False,False,False,True,False,2-circle,-1.000000,18.761805,100.000000,100.000000,0.000000,0.000000,-95.026903,-4.700533,-7.425699,2,0,3,0.0000,0.0000,0.0000,0.5000,"LeadPursuit",-0.091872
3,B0100,L7_far_low_slow_aggressive,HABFM,3429.648288,106.220852,75.888308,177.051045,-106.245613,14993.944460,381.459691,21435.775987,-331.760484,-149.837212,-245.684237,0.192002,False,False,False,False,False,True,False,2-circle,-1.000000,18.761805,100.000000,100.000000,0.000000,0.000000,-95.026903,-4.700533,-7.425699,0,4,2,0.0000,0.0000,0.0000,0.5000,"DescendTo",-0.163024
4,A0100,adaptive_eagle_v9,HABFM,3522.883053,111.226923,73.279298,175.110453,-111.321897,14985.911950,379.269485,21353.982438,-408.967743,-147.566472,-303.531769,0.270855,False,False,False,False,False,True,False,2-circle,-1.000000,40.943266,100.000000,100.000000,0.000000,0.000000,-97.293696,-6.579718,-10.064679,2,6,4,0.0000,0.0000,0.0000,0.5000,"ExtensionBreak",-0.081447
4,B0100,L7_far_low_slow_aggressive,HABFM,3522.883053,111.226923,73.279298,175.110453,-111.321897,14985.911950,379.269485,21353.982438,-408.967743,-147.566472,-303.531769,0.270855,False,False,False,False,False,True,False,2-circle,-1.000000,40.943266,100.000000,100.000000,0.000000,0.000000,-97.293696,-6.579718,-10.064679,0,4,2,0.0000,0.0000,0.0000,0.5000,"DescendTo",-0.142900
5,A0100,adaptive_eagle_v9,HABFM,3634.533664,115.918554,70.893088,173.174835,-116.172294,14973.366592,376.814437,21259.261655,-473.603916,-199.592257,-355.438438,0.351834,False,False,False,False,False,True,False,2-circle,-1.000000,70.451447,100.000000,100.000000,0.000000,0.000000,-99.701763,-8.467968,-12.520550,2,6,4,0.0000,0.0000,0.0000,0.5000,"ExtensionBreak",-0.107516
5,B0100,L7_far_low_slow_aggressive,HABFM,3634.533664,115.918554,70.893088,173.174835,-116.172294,14973.366592,376.814437,21259.261655,-473.603916,-199.592257,-355.438438,0.351834,False,False,False,False,False,True,False,2-circle,-1.000000,70.451447,100.000000,100.000000,0.000000,0.000000,-99.701763,-8.467968,-12.520550,0,4,2,0.0000,0.0000,0.0000,0.5000,"DescendTo",-0.125046
6,A0100,adaptive_eagle_v9,HABFM,3764.579220,120.240756,67.540039,172.031853,-120.781435,14955.871553,374.280620,21157.514202,-508.737265,-331.540402,-410.667151,0.431523,False,False,False,False,False,True,False,2-circle,-1.000000,105.689869,100.000000,100.000000,0.000000,0.000000,-102.141657,-10.280786,-14.850293,2,6,4,0.0000,0.0000,0.0000,0.5000,"ExtensionBreak",-0.127534
6,B0100,L7_far_low_slow_aggressive,HABFM,3764.579220,120.240756,67.540039,172.031853,-120.781435,14955.871553,374.280620,21157.514202,-508.737265,-331.540402,-410.667151,0.431523,False,False,False,False,False,True,False,2-circle,-1.000000,105.689869,100.000000,100.000000,0.000000,0.000000,-102.141657,-10.280786,-14.850293,0,4,2,0.0000,0.0000,0.0000,0.5000,"DescendTo",-0.109171
7,A0100,adaptive_eagle_v9,HABFM,3914.440329,124.120620,63.251159,171.334825,-125.162391,14932.924807,372.350338,21070.764796,-433.747029,-512.946383,-468.926636,0.372938,False,False,False,False,False,True,False,2-circle,-1.000000,146.161290,100.000000,100.000000,0.000000,0.000000,-101.450241,-8.863157,-17.071903,2,6,4,0.0000,0.0000,0.0000,0.5000,"ExtensionBreak",-0.116874
7,B0100,L7_far_low_slow_aggressive,HABFM,3914.440329,124.120620,63.251159,171.334825,-125.162391,14932.924807,372.350338,21070.764796,-433.747029,-512.946383,-468.926636,0.372938,False,False,False,False,False,True,False,2-circle,-1.000000,146.161290,100.000000,100.000000,0.000000,0.000000,-101.450241,-8.863157,-17.071903,0,4,2,0.0000,0.0000,0.0000,0.5000,"DescendTo",-0.090738
8,A0100,adaptive_eagle_v9,HABFM,4083.783740,127.356798,59.009345,170.099987,-129.119230,14903.965206,370.711114,20987.882070,-414.413629,-684.643275,-520.844177,0.176411,False,False,False,False,False,True,False,2-circle,-1.000000,191.493416,100.000000,100.000000,0.000000,0.000000,-97.604046,-4.199293,-19.318377,2,6,4,0.0000,0.0000,0.0000,0.5000,"ExtensionBreak",-0.101907
8,B0100,L7_far_low_slow_aggressive,HABFM,4083.783740,127.356798,59.009345,170.099987,-129.119230,14903.965206,370.711114,20987.882070,-414.413629,-684.643275,-520.844177,0.176411,False,False,False,False,False,True,False,2-circle,-1.000000,191.493416,100.000000,100.000000,0.000000,0.000000,-97.604046,-4.199293,-19.318377,0,4,2,0.0000,0.0000,0.0000,0.5000,"DescendTo",-0.073617
9,A0100,adaptive_eagle_v9,HABFM,4270.080783,129.893708,55.003757,168.089311,-132.622460,14869.194475,369.420115,20910.810740,-385.356652,-842.403469,-565.215561,0.009168,False,False,False,False,False,True,False,2-circle,-1.000000,240.667825,100.000000,100.000000,0.000000,0.000000,-94.077160,0.217782,-21.605504,2,6,4,0.0000,0.0000,0.0000,0.5000,"ExtensionBreak",-0.085779
9,B0100,L7_far_low_slow_aggressive,HABFM,4270.080783,129.893708,55.003757,168.089311,-132.622460,14869.194475,369.420115,20910.810740,-385.356652,-842.403469,-565.215561,0.009168,False,False,False,False,False,True,False,2-circle,-1.000000,240.667825,100.000000,100.000000,0.000000,0.000000,-94.077160,0.217782,-21.605504,0,4,2,0.0000,0.0000,0.0000,0.5000,"DescendTo",-0.058601
10,A0100,adaptive_eagle_v9,HABFM,4470.849631,131.748939,51.329238,165.295615,-135.696849,14828.622147,368.534678,20841.311673,-347.495336,-983.716583,-602.114301,0.181327,False,False,False,False,False,True,False,2-circle,-1.000000,292.615409,100.000000,100.000000,0.000000,0.000000,-90.950326,4.287259,-23.904220,2,6,4,0.0000,0.0000,0.0000,0.5000,"ExtensionBreak",-0.068142
10,B0100,L7_far_low_slow_aggressive,HABFM,4470.849631,131.748939,51.329238,165.295615,-135.696849,14828.622147,368.534678,20841.311673,-347.495336,-983.716583,-602.114301,0.181327,False,False,False,False,False,True,False,2-circle,-1.000000,292.615409,100.000000,100.000000,0.000000,0.000000,-90.950326,4.287259,-23.904220,0,4,2,0.0000,0.0000,0.0000,0.5000,"DescendTo",-0.047638
11,A0100,adaptive_eagle_v9,HABFM,4683.550203,133.126349,48.123361,162.164406,-138.413466,14782.615374,367.471683,20760.669122,-403.212753,-1136.395291,-631.922872,0.212563,False,False,False,False,False,True,False,2-circle,-1.000000,346.014330,100.000000,100.000000,0.000000,0.000000,-91.203444,5.005296,-26.189914,2,6,4,0.0000,0.0000,0.0000,0.5000,"ExtensionBreak",-0.050585
11,B0100,L7_far_low_slow_aggressive,HABFM,4683.550203,133.126349,48.123361,162.164406,-138.413466,14782.615374,367.471683,20760.669122,-403.212753,-1136.395291,-631.922872,0.212563,False,False,False,False,False,True,False,2-circle,-1.000000,346.014330,100.000000,100.000000,0.000000,0.000000,-91.203444,5.005296,-26.189914,0,4,2,0.0000,0.0000,0.0000,0.5000,"DescendTo",-0.037773
12,A0100,adaptive_eagle_v9,HABFM,4905.729706,134.001150,45.476052,158.543549,-140.883909,14731.673556,366.617065,20681.953670,-393.577262,-1285.945870,-654.791745,0.094911,False,False,False,False,False,True,False,2-circle,-1.000000,399.711716,100.000000,100.000000,0.000000,0.000000,-94.955632,2.232885,-28.464346,2,6,4,0.0000,0.0000,0.0000,0.5000,"ExtensionBreak",-0.037136
12,B0100,L7_far_low_slow_aggressive,HABFM,4905.729706,134.001150,45.476052,158.543549,-140.883909,14731.673556,366.617065,20681.953670,-393.577262,-1285.945870,-654.791745,0.094911,False,False,False,False,False,True,False,2-circle,-1.000000,399.711716,100.000000,100.000000,0.000000,0.000000,-94.955632,2.232885,-28.464346,0,4,2,0.0000,0.0000,0.0000,0.5000,"DescendTo",-0.027566
13,A0100,adaptive_eagle_v9,HABFM,5135.106261,134.294166,43.341399,154.633613,-143.168315,14675.212302,366.609879,20625.259140,-283.472650,-1380.902606,-671.198151,0.107587,False,False,False,False,False,True,False,2-circle,-1.000000,454.141842,100.000000,100.000000,0.000000,0.000000,-95.657493,2.528707,-30.720250,2,6,4,0.0000,0.0000,0.0000,0.5000,"ExtensionBreak",-0.044319
13,B0100,L7_far_low_slow_aggressive,HABFM,5135.106261,134.294166,43.341399,154.633613,-143.168315,14675.212302,366.609879,20625.259140,-283.472650,-1380.902606,-671.198151,0.107587,False,False,False,False,False,True,False,2-circle,-1.000000,454.141842,100.000000,100.000000,0.000000,0.000000,-95.657493,2.528707,-30.720250,0,4,2,0.0000,0.0000,0.0000,0.5000,"DescendTo",-0.016964
14,A0100,adaptive_eagle_v9,HABFM,5370.308993,134.016187,41.004914,151.737341,-145.144989,14612.540700,367.458393,20590.162056,-175.485422,-1425.988180,-685.713617,0.347873,False,False,False,False,False,True,False,2-circle,-1.000000,511.651283,100.000000,100.000000,0.000000,0.000000,-91.105783,8.137406,-32.991311,2,6,4,0.0000,0.0000,0.0000,0.5000,"ExtensionBreak",-0.070886
14,B0100,L7_far_low_slow_aggressive,HABFM,5370.308993,134.016187,41.004914,151.737341,-145.144989,14612.540700,367.458393,20590.162056,-175.485422,-1425.988180,-685.713617,0.347873,False,False,False,False,False,True,False,2-circle,-1.000000,511.651283,100.000000,100.000000,0.000000,0.000000,-91.105783,8.137406,-32.991311,0,4,2,0.0000,0.0000,0.0000,0.5000,"DescendTo",-0.013017
15,A0100,adaptive_eagle_v9,HABFM,5612.080021,133.596558,37.547289,150.658257,-146.818295,14544.230917,367.954994,20538.020071,-260.709924,-1397.497986,-703.100356,0.393122,False,False,False,False,False,True,False,2-circle,-1.000000,574.985523,100.000000,100.000000,0.000000,0.000000,-91.216835,9.181868,-35.226540,1,8,4,0.0000,0.0000,0.0000,0.5000,"HeadOnBreak",-0.078296
15,B0100,L7_far_low_slow_aggressive,HABFM,5612.080021,133.596558,37.547289,150.658257,-146.818295,14544.230917,367.954994,20538.020071,-260.709924,-1397.497986,-703.100356,0.393122,False,False,False,False,False,True,False,2-circle,-1.000000,574.985523,100.000000,100.000000,0.000000,0.000000,-91.216835,9.181868,-35.226540,0,4,2,0.0000,0.0000,0.0000,0.5000,"DescendTo",-0.014963
16,A0100,adaptive_eagle_v9,HABFM,5860.969085,133.333512,33.648138,150.316725,-148.399076,14472.058083,366.977677,20434.049570,-519.852503,-1352.578567,-719.428353,0.173478,False,False,False,False,False,True,False,2-circle,-1.000000,644.484137,100.000000,100.000000,0.000000,0.000000,-105.706191,-4.065500,-37.486121,1,8,4,0.0000,0.0000,0.0000,0.5000,"HeadOnBreak",-0.072373
16,B0100,L7_far_low_slow_aggressive,HABFM,5860.969085,133.333512,33.648138,150.316725,-148.399076,14472.058083,366.977677,20434.049570,-519.852503,-1352.578567,-719.428353,0.173478,False,False,False,False,False,True,False,2-circle,-1.000000,644.484137,100.000000,100.000000,0.000000,0.000000,-105.706191,-4.065500,-37.486121,0,4,2,0.0000,0.0000,0.0000,0.5000,"DescendTo",-0.012010
17,A0100,adaptive_eagle_v9,HABFM,6116.090745,132.841810,29.895888,149.465126,-150.034988,14397.030820,365.782706,20320.258082,-568.957439,-1313.977928,-731.687469,0.694219,False,False,False,False,False,True,False,2-circle,-1.000000,719.102806,100.000000,100.000000,0.000000,0.000000,-118.749552,-15.814416,-39.584706,1,8,4,0.0000,0.0000,0.0000,0.5000,"HeadOnBreak",-0.065604
17,B0100,L7_far_low_slow_aggressive,HABFM,6116.090745,132.841810,29.895888,149.465126,-150.034988,14397.030820,365.782706,20320.258082,-568.957439,-1313.977928,-731.687469,0.694219,False,False,False,False,False,True,False,2-circle,-1.000000,719.102806,100.000000,100.000000,0.000000,0.000000,-118.749552,-15.814416,-39.584706,0,4,2,0.0000,0.0000,0.0000,0.5000,"DescendTo",-0.002456
18,A0100,adaptive_eagle_v9,HABFM,6376.001827,131.660611,26.347955,147.491177,-151.814765,14317.708412,365.913738,20245.180111,-375.389858,-1208.942423,-738.313926,0.489127,False,False,False,False,False,True,False,2-circle,-1.000000,799.788687,100.000000,100.000000,0.000000,0.000000,-115.558842,-11.277514,-41.512491,1,8,4,0.0000,0.0000,0.0000,0.5000,"HeadOnBreak",-0.058741
18,B0100,L7_far_low_slow_aggressive,HABFM,6376.001827,131.660611,26.347955,147.491177,-151.814765,14317.708412,365.913738,20245.180111,-375.389858,-1208.942423,-738.313926,0.489127,False,False,False,False,False,True,False,2-circle,-1.000000,799.788687,100.000000,100.000000,0.000000,0.000000,-115.558842,-11.277514,-41.512491,0,4,2,0.0000,0.0000,0.0000,0.5000,"DescendTo",0.005784
19,A0100,adaptive_eagle_v9,HABFM,6639.226601,130.078950,23.015651,145.182720,-153.182222,14232.778297,368.099515,20231.276709,-69.517008,-1005.742288,-741.541560,0.105292,False,False,False,False,False,True,False,2-circle,-1.000000,887.237725,100.000000,100.000000,0.000000,0.000000,-108.144366,-2.469109,-42.508362,1,8,4,0.0000,0.0000,0.0000,0.5000,"HeadOnBreak",-0.051741
19,B0100,L7_far_low_slow_aggressive,HABFM,6639.226601,130.078950,23.015651,145.182720,-153.182222,14232.778297,368.099515,20231.276709,-69.517008,-1005.742288,-741.541560,0.105292,False,False,False,False,False,True,False,2-circle,-1.000000,887.237725,100.000000,100.000000,0.000000,0.000000,-108.144366,-2.469109,-42.508362,0,4,2,0.0000,0.0000,0.0000,0.5000,"DescendTo",-0.007899
20,A0100,adaptive_eagle_v9,HABFM,6905.634719,129.481770,19.885259,144.012757,-154.158540,14143.685569,371.354519,20248.739218,87.312545,-752.677214,-749.148826,0.019167,False,False,False,False,False,True,False,2-circle,-1.000000,979.322920,100.000000,100.000000,0.000000,0.000000,-107.521850,-0.452975,-38.568447,1,8,4,0.0000,0.0000,0.0000,0.5000,"HeadOnBreak",-0.044054
20,B0100,L7_far_low_slow_aggressive,HABFM,6905.634719,129.481770,19.885259,144.012757,-154.158540,14143.685569,371.354519,20248.739218,87.312545,-752.677214,-749.148826,0.019167,False,False,False,False,False,True,False,2-circle,-1.000000,979.322920,100.000000,100.000000,0.000000,0.000000,-107.521850,-0.452975,-38.568447,0,4,2,0.0000,0.0000,0.0000,0.5000,"DescendTo",-0.023813
21,A0100,adaptive_eagle_v9,HABFM,7176.764403,130.017130,16.930854,143.827908,-154.922666,14054.064046,374.817678,20273.517058,123.889201,-493.717215,-761.997150,0.336424,False,False,False,False,False,True,False,2-circle,-1.000000,1071.685574,100.000000,100.000000,0.000000,0.000000,-116.341411,-7.960348,-33.375728,1,8,4,0.0000,0.0000,0.0000,0.5000,"HeadOnBreak",-0.034541
21,B0100,L7_far_low_slow_aggressive,HABFM,7176.764403,130.017130,16.930854,143.827908,-154.922666,14054.064046,374.817678,20273.517058,123.889201,-493.717215,-761.997150,0.336424,False,False,False,False,False,True,False,2-circle,-1.000000,1071.685574,100.000000,100.000000,0.000000,0.000000,-116.341411,-7.960348,-33.375728,0,4,2,0.0000,0.0000,0.0000,0.5000,"DescendTo",-0.022168
22,A0100,adaptive_eagle_v9,HABFM,7452.894480,130.637338,14.140330,143.315428,-155.448370,13965.673789,378.555445,20309.788891,181.359164,-228.497632,-774.097299,0.383612,False,False,False,False,False,True,False,2-circle,-1.000000,1161.811129,100.000000,100.000000,0.000000,0.000000,-118.702881,-9.133478,-29.692641,1,8,4,0.0000,0.0000,0.0000,0.5000,"HeadOnBreak",-0.025162
22,B0100,L7_far_low_slow_aggressive,HABFM,7452.894480,130.637338,14.140330,143.315428,-155.448370,13965.673789,378.555445,20309.788891,181.359164,-228.497632,-774.097299,0.383612,False,False,False,False,False,True,False,2-circle,-1.000000,1161.811129,100.000000,100.000000,0.000000,0.000000,-118.702881,-9.133478,-29.692641,0,4,2,0.0000,0.0000,0.0000,0.5000,"DescendTo",-0.013284
23,A0100,adaptive_eagle_v9,HABFM,7732.914885,130.747622,11.324965,141.706571,-156.046448,13877.525901,383.024464,20372.315485,312.632970,94.399924,-782.020220,0.069765,False,False,False,False,True,True,False,2-circle,-1.000000,1249.909447,100.000000,100.000000,0.000000,0.000000,-112.327492,-1.691623,-31.786604,1,8,4,0.0000,0.0000,0.0000,0.5000,"HeadOnBreak",-0.012854
23,B0100,L7_far_low_slow_aggressive,HABFM,7732.914885,130.747622,11.324965,141.706571,-156.046448,13877.525901,383.024464,20372.315485,312.632970,94.399924,-782.020220,0.069765,False,False,False,False,True,True,False,2-circle,-1.000000,1249.909447,100.000000,100.000000,0.000000,0.000000,-112.327492,-1.691623,-31.786604,0,4,2,0.0000,0.0000,0.0000,0.5000,"DescendTo",-0.011049
24,A0100,adaptive_eagle_v9,HABFM,8015.446793,130.800618,9.125739,139.906235,-156.565987,13788.785750,386.230097,20392.743476,102.139956,373.143882,-786.278417,0.002969,False,False,False,False,True,True,False,2-circle,-1.000000,1336.572488,100.000000,100.000000,0.000000,0.000000,-111.656703,-0.072504,-34.485322,1,8,4,0.0000,0.0000,0.0000,0.5000,"HeadOnBreak",0.000313
24,B0100,L7_far_low_slow_aggressive,HABFM,8015.446793,130.800618,9.125739,139.906235,-156.565987,13788.785750,386.230097,20392.743476,102.139956,373.143882,-786.278417,0.002969,False,False,False,False,True,True,False,2-circle,-1.000000,1336.572488,100.000000,100.000000,0.000000,0.000000,-111.656703,-0.072504,-34.485322,0,4,2,0.0000,0.0000,0.0000,0.5000,"DescendTo",-0.007919
25,A0100,adaptive_eagle_v9,HABFM,8299.369502,130.754376,8.410849,138.184523,-156.901261,13699.920438,388.496435,20381.607529,-55.679736,596.690978,-787.019826,0.441820,False,False,False,False,True,True,False,2-circle,-1.000000,1422.018982,100.000000,100.000000,0.000000,0.000000,-123.131263,-10.709437,-36.962110,1,8,4,0.0000,0.0000,0.0000,0.5000,"HeadOnBreak",0.010271
25,B0100,L7_far_low_slow_aggressive,HABFM,8299.369502,130.754376,8.410849,138.184523,-156.901261,13699.920438,388.496435,20381.607529,-55.679736,596.690978,-787.019826,0.441820,False,False,False,False,True,True,False,2-circle,-1.000000,1422.018982,100.000000,100.000000,0.000000,0.000000,-123.131263,-10.709437,-36.962110,0,4,2,0.0000,0.0000,0.0000,0.5000,"DescendTo",0.002405
26,A0100,adaptive_eagle_v9,HABFM,8583.341981,129.985543,9.361042,136.071882,-157.358760,13609.695888,392.213036,20419.836940,191.147057,885.508542,-782.243080,0.651809,False,False,False,False,True,True,False,2-circle,-1.000000,1508.436504,100.000000,100.000000,0.000000,0.000000,-128.890771,-15.706646,-39.021321,1,8,4,0.0000,0.0000,0.0000,0.5000,"HeadOnBreak",0.016814
26,B0100,L7_far_low_slow_aggressive,HABFM,8583.341981,129.985543,9.361042,136.071882,-157.358760,13609.695888,392.213036,20419.836940,191.147057,885.508542,-782.243080,0.651809,False,False,False,False,True,True,False,2-circle,-1.000000,1508.436504,100.000000,100.000000,0.000000,0.000000,-128.890771,-15.706646,-39.021321,0,4,2,0.0000,0.0000,0.0000,0.5000,"DescendTo",0.007541
27,A0100,adaptive_eagle_v9,HABFM,8866.265719,128.848603,11.135050,134.033420,-157.869190,13515.943634,396.459653,20474.354229,272.586446,1172.496509,-774.612729,0.332686,False,False,False,False,True,True,False,2-circle,-1.000000,1598.856229,100.000000,100.000000,0.000000,0.000000,-122.154012,-8.240918,-39.818252,1,8,4,0.0000,0.0000,0.0000,0.5000,"HeadOnBreak",0.023380
27,B0100,L7_far_low_slow_aggressive,HABFM,8866.265719,128.848603,11.135050,134.033420,-157.869190,13515.943634,396.459653,20474.354229,272.586446,1172.496509,-774.612729,0.332686,False,False,False,False,True,True,False,2-circle,-1.000000,1598.856229,100.000000,100.000000,0.000000,0.000000,-122.154012,-8.240918,-39.818252,0,4,2,0.0000,0.0000,0.0000,0.5000,"DescendTo",-0.002199
28,A0100,adaptive_eagle_v9,HABFM,9148.381216,128.435102,13.122614,132.551553,-158.094383,13419.475386,400.999425,20538.156811,319.012908,1467.085451,-771.059694,0.003401,False,False,False,False,True,True,False,2-circle,-1.000000,1692.415924,100.000000,100.000000,0.000000,0.000000,-114.517651,0.085635,-35.138798,1,8,4,0.0000,0.0000,0.0000,0.5000,"HeadOnBreak",0.030020
28,B0100,L7_far_low_slow_aggressive,HABFM,9148.381216,128.435102,13.122614,132.551553,-158.094383,13419.475386,400.999425,20538.156811,319.012908,1467.085451,-771.059694,0.003401,False,False,False,False,True,True,False,2-circle,-1.000000,1692.415924,100.000000,100.000000,0.000000,0.000000,-114.517651,0.085635,-35.138798,0,4,2,0.0000,0.0000,0.0000,0.5000,"DescendTo",-0.021128
29,A0100,adaptive_eagle_v9,HABFM,9431.100508,129.326761,15.279118,131.844143,-158.301045,13323.024519,404.923545,20581.712332,217.777603,1741.418510,-774.469668,0.002348,False,False,False,False,True,True,False,2-circle,-1.000000,1786.087882,100.000000,100.000000,0.000000,0.000000,-115.277065,-0.059608,-29.891022,1,8,4,0.0000,0.0000,0.0000,0.5000,"HeadOnBreak",0.034964
29,B0100,L7_far_low_slow_aggressive,HABFM,9431.100508,129.326761,15.279118,131.844143,-158.301045,13323.024519,404.923545,20581.712332,217.777603,1741.418510,-774.469668,0.002348,False,False,False,False,True,True,False,2-circle,-1.000000,1786.087882,100.000000,100.000000,0.000000,0.000000,-115.277065,-0.059608,-29.891022,0,4,2,0.0000,0.0000,0.0000,0.5000,"DescendTo",-0.026118
30,A0100,adaptive_eagle_v9,HABFM,9715.491797,130.801912,17.465994,131.109582,-158.202118,13230.066040,407.159338,20569.133140,-62.895958,1931.342272,-779.678361,0.448043,False,False,False,False,True,True,True,2-circle,-1.000000,1875.898439,100.000000,100.000000,0.000000,0.000000,-126.984886,-11.271404,-27.624959,1,8,4,0.0000,0.0000,0.0000,0.5000,"HeadOnBreak",0.042550
30,B0100,L7_far_low_slow_aggressive,HABFM,9715.491797,130.801912,17.465994,131.109582,-158.202118,13230.066040,407.159338,20569.133140,-62.895958,1931.342272,-779.678361,0.448043,False,False,False,False,True,True,True,2-circle,-1.000000,1875.898439,100.000000,100.000000,0.000000,0.000000,-126.984886,-11.271404,-27.624959,0,4,2,0.0000,0.0000,0.0000,0.5000,"DescendTo",-0.008353
31,A0100,adaptive_eagle_v9,HABFM,9999.985670,131.135939,19.986792,129.056572,-158.067934,13139.983563,409.907562,20578.458741,46.628007,2170.935191,-775.672506,0.665173,False,False,False,False,True,True,True,2-circle,-1.000000,1961.938725,100.000000,100.000000,0.000000,0.000000,-132.668780,-16.564041,-30.857353,1,8,4,0.0000,0.0000,0.0000,0.5000,"HeadOnBreak",0.045253
31,B0100,L7_far_low_slow_aggressive,HABFM,9999.985670,131.135939,19.986792,129.056572,-158.067934,13139.983563,409.907562,20578.458741,46.628007,2170.935191,-775.672506,0.665173,False,False,False,False,True,True,True,2-circle,-1.000000,1961.938725,100.000000,100.000000,0.000000,0.000000,-132.668780,-16.564041,-30.857353,0,4,2,0.0000,0.0000,0.0000,0.5000,"DescendTo",0.003006
32,A0100,adaptive_eagle_v9,HABFM,10282.067774,130.516088,22.840206,126.520120,-158.279230,13049.033955,413.983577,20636.177217,288.592376,2490.944041,-764.236511,0.419375,False,False,False,False,True,True,True,2-circle,-1.000000,2048.099359,100.000000,100.000000,0.000000,0.000000,-127.143400,-10.706550,-34.243105,1,8,4,0.0000,0.0000,0.0000,0.5000,"HeadOnBreak",0.039328
32,B0100,L7_far_low_slow_aggressive,HABFM,10282.067774,130.516088,22.840206,126.520120,-158.279230,13049.033955,413.983577,20636.177217,288.592376,2490.944041,-764.236511,0.419375,False,False,False,False,True,True,True,2-circle,-1.000000,2048.099359,100.000000,100.000000,0.000000,0.000000,-127.143400,-10.706550,-34.243105,0,4,2,0.0000,0.0000,0.0000,0.5000,"DescendTo",0.009520
33,A0100,adaptive_eagle_v9,HABFM,10560.687354,129.426348,25.364745,124.179120,-158.459287,12955.184376,417.874995,20685.635285,247.290341,2767.223132,-750.340868,0.143786,False,False,False,False,True,True,True,2-circle,-1.000000,2137.111803,100.000000,100.000000,0.000000,0.000000,-120.482131,-3.737449,-37.534486,1,8,4,0.0000,0.0000,0.0000,0.5000,"HeadOnBreak",0.039163
33,B0100,L7_far_low_slow_aggressive,HABFM,10560.687354,129.426348,25.364745,124.179120,-158.459287,12955.184376,417.874995,20685.635285,247.290341,2767.223132,-750.340868,0.143786,False,False,False,False,True,True,True,2-circle,-1.000000,2137.111803,100.000000,100.000000,0.000000,0.000000,-120.482131,-3.737449,-37.534486,0,4,2,0.0000,0.0000,0.0000,0.5000,"DescendTo",0.010982
34,A0100,adaptive_eagle_v9,HABFM,10835.642092,128.284158,27.690381,121.832600,-158.474589,12857.717997,421.776050,20733.177258,237.709866,3032.163322,-736.111005,0.227153,False,False,False,False,True,True,True,2-circle,-1.000000,2229.673357,100.000000,100.000000,0.000000,0.000000,-122.978683,-5.936358,-40.115335,1,8,4,0.0000,0.0000,0.0000,0.5000,"HeadOnBreak",0.042868
34,B0100,L7_far_low_slow_aggressive,HABFM,10835.642092,128.284158,27.690381,121.832600,-158.474589,12857.717997,421.776050,20733.177258,237.709866,3032.163322,-736.111005,0.227153,False,False,False,False,True,True,True,2-circle,-1.000000,2229.673357,100.000000,100.000000,0.000000,0.000000,-122.978683,-5.936358,-40.115335,0,4,2,0.0000,0.0000,0.0000,0.5000,"DescendTo",0.010755
35,A0100,adaptive_eagle_v9,HABFM,11106.553247,127.130744,30.022061,119.406531,-158.575293,12757.077400,425.392543,20768.170941,174.968414,3290.140006,-720.527486,0.443925,False,False,False,False,True,True,True,2-circle,-1.000000,2324.986783,100.000000,100.000000,0.000000,0.000000,-128.886360,-11.562986,-40.894814,1,8,4,0.0000,0.0000,0.0000,0.5000,"HeadOnBreak",0.051002
35,B0100,L7_far_low_slow_aggressive,HABFM,11106.553247,127.130744,30.022061,119.406531,-158.575293,12757.077400,425.392543,20768.170941,174.968414,3290.140006,-720.527486,0.443925,False,False,False,False,True,True,True,2-circle,-1.000000,2324.986783,100.000000,100.000000,0.000000,0.000000,-128.886360,-11.562986,-40.894814,0,4,2,0.0000,0.0000,0.0000,0.5000,"DescendTo",0.002633
36,A0100,adaptive_eagle_v9,HABFM,11373.252599,126.577851,32.654445,116.917211,-158.518932,12653.428065,430.123477,20843.700600,377.648295,3634.185216,-707.137015,0.146959,False,False,False,False,True,True,True,2-circle,-1.000000,2422.409986,100.000000,100.000000,0.000000,0.000000,-121.491865,-3.910367,-35.791821,1,8,4,0.0000,0.0000,0.0000,0.5000,"HeadOnBreak",0.054072
36,B0100,L7_far_low_slow_aggressive,HABFM,11373.252599,126.577851,32.654445,116.917211,-158.518932,12653.428065,430.123477,20843.700600,377.648295,3634.185216,-707.137015,0.146959,False,False,False,False,True,True,True,2-circle,-1.000000,2422.409986,100.000000,100.000000,0.000000,0.000000,-121.491865,-3.910367,-35.791821,0,4,2,0.0000,0.0000,0.0000,0.5000,"DescendTo",-0.016810
37,A0100,adaptive_eagle_v9,HABFM,11636.846169,127.455458,35.523466,114.997767,-158.267334,12549.950376,434.063848,20890.972833,236.361167,3953.106191,-701.112488,0.196109,False,False,False,False,True,True,True,2-circle,-1.000000,2518.945801,100.000000,100.000000,0.000000,0.000000,-123.041285,-5.249993,-30.464208,1,8,4,0.0000,0.0000,0.0000,0.5000,"HeadOnBreak",0.046075
37,B0100,L7_far_low_slow_aggressive,HABFM,11636.846169,127.455458,35.523466,114.997767,-158.267334,12549.950376,434.063848,20890.972833,236.361167,3953.106191,-701.112488,0.196109,False,False,False,False,True,True,True,2-circle,-1.000000,2518.945801,100.000000,100.000000,0.000000,0.000000,-123.041285,-5.249993,-30.464208,0,4,2,0.0000,0.0000,0.0000,0.5000,"DescendTo",-0.019024
38,A0100,adaptive_eagle_v9,HABFM,11898.951048,128.765645,37.983984,113.357228,-157.640728,12450.332977,436.391174,20881.039561,-49.666360,4150.430631,-698.914430,0.667523,False,False,False,False,True,True,True,2-circle,-1.000000,2611.615605,100.000000,100.000000,0.000000,0.000000,-135.364947,-17.429823,-28.500837,1,8,4,0.0000,0.0000,0.0000,0.5000,"HeadOnBreak",0.045181
38,B0100,L7_far_low_slow_aggressive,HABFM,11898.951048,128.765645,37.983984,113.357228,-157.640728,12450.332977,436.391174,20881.039561,-49.666360,4150.430631,-698.914430,0.667523,False,False,False,False,True,True,True,2-circle,-1.000000,2611.615605,100.000000,100.000000,0.000000,0.000000,-135.364947,-17.429823,-28.500837,0,4,2,0.0000,0.0000,0.0000,0.5000,"DescendTo",-0.003736
39,A0100,adaptive_eagle_v9,HABFM,12159.194837,128.979624,40.248714,111.312718,-157.161091,12353.531969,440.137023,20929.592985,242.767118,4404.084692,-690.663465,0.907227,False,False,False,False,True,True,True,2-circle,-1.000000,2701.449308,100.000000,100.000000,0.000000,0.000000,-141.283860,-23.250030,-31.282032,2,2,4,0.0000,0.0000,0.0000,0.5000,"ExtensionBreak",0.054526
39,B0100,L7_far_low_slow_aggressive,HABFM,12159.194837,128.979624,40.248714,111.312718,-157.161091,12353.531969,440.137023,20929.592985,242.767118,4404.084692,-690.663465,0.907227,False,False,False,False,True,True,True,2-circle,-1.000000,2701.449308,100.000000,100.000000,0.000000,0.000000,-141.283860,-23.250030,-31.282032,0,4,2,0.0000,0.0000,0.0000,0.5000,"DescendTo",0.001958
40,A0100,adaptive_eagle_v9,HABFM,12415.897569,128.584606,42.865929,108.942713,-157.074060,12256.145956,445.032090,21024.028329,472.176718,4748.360502,-675.821839,0.655343,False,False,False,False,True,True,True,2-circle,-1.000000,2791.590804,100.000000,100.000000,0.000000,0.000000,-135.507247,-17.392626,-32.493018,2,2,4,0.0000,0.0000,0.0000,0.5000,"ExtensionBreak",0.063546
40,B0100,L7_far_low_slow_aggressive,HABFM,12415.897569,128.584606,42.865929,108.942713,-157.074060,12256.145956,445.032090,21024.028329,472.176718,4748.360502,-675.821839,0.655343,False,False,False,False,True,True,True,2-circle,-1.000000,2791.590804,100.000000,100.000000,0.000000,0.000000,-135.507247,-17.392626,-32.493018,0,4,2,0.0000,0.0000,0.0000,0.5000,"DescendTo",0.006232
41,A0100,adaptive_eagle_v9,HABFM,12667.043082,127.790507,46.082249,106.411508,-157.096863,12156.588780,450.047098,21123.192749,495.822102,5148.663082,-653.057611,0.408008,False,False,False,False,True,True,True,2-circle,-1.000000,2884.145618,100.000000,100.000000,0.000000,0.000000,-129.331090,-11.136654,-35.830117,2,2,4,0.0000,0.0000,0.0000,0.5000,"ExtensionBreak",0.049800
41,B0100,L7_far_low_slow_aggressive,HABFM,12667.043082,127.790507,46.082249,106.411508,-157.096863,12156.588780,450.047098,21123.192749,495.822102,5148.663082,-653.057611,0.408008,False,False,False,False,True,True,True,2-circle,-1.000000,2884.145618,100.000000,100.000000,0.000000,0.000000,-129.331090,-11.136654,-35.830117,0,4,2,0.0000,0.0000,0.0000,0.5000,"DescendTo",0.011162
42,A0100,adaptive_eagle_v9,HABFM,12911.299121,126.598455,48.960623,104.665464,-157.095656,12053.592566,454.826543,21211.656305,442.317783,5534.775391,-628.326407,0.159268,False,False,False,False,True,True,True,2-circle,-1.000000,2982.228922,100.000000,100.000000,0.000000,0.000000,-122.732329,-4.432572,-38.353968,2,2,4,0.0000,0.0000,0.0000,0.5000,"ExtensionBreak",0.021049
42,B0100,L7_far_low_slow_aggressive,HABFM,12911.299121,126.598455,48.960623,104.665464,-157.095656,12053.592566,454.826543,21211.656305,442.317783,5534.775391,-628.326407,0.159268,False,False,False,False,True,True,True,2-circle,-1.000000,2982.228922,100.000000,100.000000,0.000000,0.000000,-122.732329,-4.432572,-38.353968,0,4,2,0.0000,0.0000,0.0000,0.5000,"DescendTo",0.007605
43,A0100,adaptive_eagle_v9,HABFM,13150.490047,125.703593,50.595195,104.092665,-156.920484,11947.011513,458.592795,21257.372351,228.580228,5809.687713,-613.201086,0.293975,False,False,False,False,True,True,True,2-circle,-1.000000,3087.201575,100.000000,100.000000,0.000000,0.000000,-126.638773,-8.194832,-38.749455,2,2,4,0.0000,0.0000,0.0000,0.5000,"ExtensionBreak",0.001592
43,B0100,L7_far_low_slow_aggressive,HABFM,13150.490047,125.703593,50.595195,104.092665,-156.920484,11947.011513,458.592795,21257.372351,228.580228,5809.687713,-613.201086,0.293975,False,False,False,False,True,True,True,2-circle,-1.000000,3087.201575,100.000000,100.000000,0.000000,0.000000,-126.638773,-8.194832,-38.749455,0,4,2,0.0000,0.0000,0.0000,0.5000,"DescendTo",-0.004740
44,A0100,adaptive_eagle_v9,HABFM,13388.484318,125.780308,51.258795,104.235649,-156.569705,11839.576325,462.671520,21316.286342,294.569952,6079.401332,-612.015245,0.424543,False,False,False,False,True,True,True,2-circle,-1.000000,3196.153707,100.000000,100.000000,0.000000,0.000000,-130.435319,-11.829142,-32.710219,2,2,4,0.0000,0.0000,0.0000,0.5000,"ExtensionBreak",-0.009140
44,B0100,L7_far_low_slow_aggressive,HABFM,13388.484318,125.780308,51.258795,104.235649,-156.569705,11839.576325,462.671520,21316.286342,294.569952,6079.401332,-612.015245,0.424543,False,False,False,False,True,True,True,2-circle,-1.000000,3196.153707,100.000000,100.000000,0.000000,0.000000,-130.435319,-11.829142,-32.710219,0,4,2,0.0000,0.0000,0.0000,0.5000,"DescendTo",-0.012793
45,A0100,adaptive_eagle_v9,HABFM,13628.636474,126.582893,51.294976,104.669965,-156.100236,11733.635850,466.653658,21374.176890,289.452743,6338.563344,-620.458786,0.135308,False,False,False,False,True,True,True,2-circle,-1.000000,3305.977870,100.000000,100.000000,0.000000,0.000000,-122.610260,-3.844927,-28.113650,2,2,4,0.0000,0.0000,0.0000,0.5000,"ExtensionBreak",-0.014649
45,B0100,L7_far_low_slow_aggressive,HABFM,13628.636474,126.582893,51.294976,104.669965,-156.100236,11733.635850,466.653658,21374.176890,289.452743,6338.563344,-620.458786,0.135308,False,False,False,False,True,True,True,2-circle,-1.000000,3305.977870,100.000000,100.000000,0.000000,0.000000,-122.610260,-3.844927,-28.113650,0,4,2,0.0000,0.0000,0.0000,0.5000,"DescendTo",-0.017833
46,A0100,adaptive_eagle_v9,HABFM,13872.928292,127.908744,50.903856,105.317324,-155.726188,11631.646159,469.075476,21372.510935,-8.329778,6520.546685,-634.482298,0.170257,False,False,False,False,True,True,True,2-circle,-1.000000,3413.342524,100.000000,100.000000,0.000000,0.000000,-123.750278,-4.851214,-26.865542,2,2,4,0.0000,0.0000,0.0000,0.5000,"ExtensionBreak",-0.020828
46,B0100,L7_far_low_slow_aggressive,HABFM,13872.928292,127.908744,50.903856,105.317324,-155.726188,11631.646159,469.075476,21372.510935,-8.329778,6520.546685,-634.482298,0.170257,False,False,False,False,True,True,True,2-circle,-1.000000,3413.342524,100.000000,100.000000,0.000000,0.000000,-123.750278,-4.851214,-26.865542,0,4,2,0.0000,0.0000,0.0000,0.5000,"DescendTo",-0.005575
47,A0100,adaptive_eagle_v9,HABFM,14121.206703,128.414918,50.104162,105.896779,-155.223786,11533.614785,470.908839,21350.771920,-108.695074,6686.195170,-644.263211,0.649618,False,False,False,False,True,True,True,2-circle,-1.000000,3517.385969,100.000000,100.000000,0.000000,0.000000,-136.990534,-17.984918,-30.850627,2,2,4,0.0000,0.0000,0.0000,0.5000,"ExtensionBreak",-0.040296
47,B0100,L7_far_low_slow_aggressive,HABFM,14121.206703,128.414918,50.104162,105.896779,-155.223786,11533.614785,470.908839,21350.771920,-108.695074,6686.195170,-644.263211,0.649618,False,False,False,False,True,True,True,2-circle,-1.000000,3517.385969,100.000000,100.000000,0.000000,0.000000,-136.990534,-17.984918,-30.850627,0,4,2,0.0000,0.0000,0.0000,0.5000,"DescendTo",0.002784
48,A0100,adaptive_eagle_v9,HABFM,14372.930818,127.917043,48.349043,107.388441,-155.135298,11436.105701,473.890922,21377.993023,136.105516,6918.978940,-653.128454,0.814432,False,False,False,False,True,True,True,2-circle,-1.000000,3621.181152,100.000000,100.000000,0.000000,0.000000,-141.351058,-22.241307,-33.645628,2,2,4,0.0000,0.0000,0.0000,0.5000,"ExtensionBreak",-0.044875
48,B0100,L7_far_low_slow_aggressive,HABFM,14372.930818,127.917043,48.349043,107.388441,-155.135298,11436.105701,473.890922,21377.993023,136.105516,6918.978940,-653.128454,0.814432,False,False,False,False,True,True,True,2-circle,-1.000000,3621.181152,100.000000,100.000000,0.000000,0.000000,-141.351058,-22.241307,-33.645628,0,4,2,0.0000,0.0000,0.0000,0.5000,"DescendTo",0.006901
49,A0100,adaptive_eagle_v9,HABFM,14628.909178,126.837034,45.974161,109.064337,-155.379248,11335.566282,478.166807,21457.672939,398.399580,7205.097490,-662.020221,0.528546,False,False,False,False,True,True,True,2-circle,-1.000000,3727.251442,100.000000,100.000000,0.000000,0.000000,-134.193094,-14.966662,-36.376468,2,2,4,0.0000,0.0000,0.0000,0.5000,"ExtensionBreak",-0.038350
49,B0100,L7_far_low_slow_aggressive,HABFM,14628.909178,126.837034,45.974161,109.064337,-155.379248,11335.566282,478.166807,21457.672939,398.399580,7205.097490,-662.020221,0.528546,False,False,False,False,True,True,True,2-circle,-1.000000,3727.251442,100.000000,100.000000,0.000000,0.000000,-134.193094,-14.966662,-36.376468,0,4,2,0.0000,0.0000,0.0000,0.5000,"DescendTo",0.009873
50,A0100,adaptive_eagle_v9,HABFM,14888.584331,125.598217,43.755577,110.314563,-155.533421,11230.684015,482.379382,21531.924619,371.258400,7464.741625,-668.339227,0.259586,False,False,False,False,True,True,True,2-circle,-1.000000,3835.941397,100.000000,100.000000,0.000000,0.000000,-126.888443,-7.531829,-37.579974,2,2,4,0.0000,0.0000,0.0000,0.5000,"ExtensionBreak",-0.042525
50,B0100,L7_far_low_slow_aggressive,HABFM,14888.584331,125.598217,43.755577,110.314563,-155.533421,11230.684015,482.379382,21531.924619,371.258400,7464.741625,-668.339227,0.259586,False,False,False,False,True,True,True,2-circle,-1.000000,3835.941397,100.000000,100.000000,0.000000,0.000000,-126.888443,-7.531829,-37.579974,0,4,2,0.0000,0.0000,0.0000,0.5000,"DescendTo",0.006054
51,A0100,adaptive_eagle_v9,HABFM,15151.889413,124.800662,41.364603,111.770783,-155.522585,11121.991092,486.766271,21611.448237,397.618090,7754.722411,-678.155158,0.005717,False,False,False,False,True,True,True,2-circle,-1.000000,3946.900988,100.000000,100.000000,0.000000,0.000000,-119.667406,-0.168038,-36.082182,2,2,4,0.0000,0.0000,0.0000,0.5000,"ExtensionBreak",-0.047188
51,B0100,L7_far_low_slow_aggressive,HABFM,15151.889413,124.800662,41.364603,111.770783,-155.522585,11121.991092,486.766271,21611.448237,397.618090,7754.722411,-678.155158,0.005717,False,False,False,False,True,True,True,2-circle,-1.000000,3946.900988,100.000000,100.000000,0.000000,0.000000,-119.667406,-0.168038,-36.082182,0,4,2,0.0000,0.0000,0.0000,0.5000,"DescendTo",-0.012286
52,A0100,adaptive_eagle_v9,HABFM,15420.899272,125.578796,38.868267,114.041630,-155.475184,11012.810596,490.493025,21663.500238,260.260007,8036.811175,-699.573067,0.131512,False,False,False,False,True,True,True,2-circle,-1.000000,4057.421225,100.000000,100.000000,0.000000,0.000000,-123.523670,-3.882697,-30.082465,1,3,4,0.0000,0.0000,0.0000,0.5000,"HeadOnBreak",-0.054293
52,B0100,L7_far_low_slow_aggressive,HABFM,15420.899272,125.578796,38.868267,114.041630,-155.475184,11012.810596,490.493025,21663.500238,260.260007,8036.811175,-699.573067,0.131512,False,False,False,False,True,True,True,2-circle,-1.000000,4057.421225,100.000000,100.000000,0.000000,0.000000,-123.523670,-3.882697,-30.082465,0,4,2,0.0000,0.0000,0.0000,0.5000,"DescendTo",-0.012205
53,A0100,adaptive_eagle_v9,HABFM,15697.525173,126.658284,36.164435,116.762787,-155.131265,10907.448346,492.960896,21665.583561,10.416615,8288.090392,-722.126044,0.599328,False,False,False,False,True,True,True,2-circle,-1.000000,4164.059754,100.000000,100.000000,0.000000,0.000000,-137.008008,-17.242535,-29.687971,1,3,4,0.0000,0.0000,0.0000,0.5000,"HeadOnBreak",-0.142419
53,B0100,L7_far_low_slow_aggressive,HABFM,15697.525173,126.658284,36.164435,116.762787,-155.131265,10907.448346,492.960896,21665.583561,10.416615,8288.090392,-722.126044,0.599328,False,False,False,False,True,True,True,2-circle,-1.000000,4164.059754,100.000000,100.000000,0.000000,0.000000,-137.008008,-17.242535,-29.687971,0,4,2,0.0000,0.0000,0.0000,0.5000,"DescendTo",-0.082042
54,A0100,adaptive_eagle_v9,HABFM,15980.498239,126.554717,32.852149,119.680613,-155.085274,10803.756585,496.646663,21723.365946,288.911921,8659.347605,-736.838974,0.793815,False,False,False,False,True,True,True,2-circle,-1.000000,4269.283783,100.000000,100.000000,0.000000,0.000000,-142.358770,-22.463633,-32.934804,1,3,4,0.0000,0.0000,0.0000,0.5000,"HeadOnBreak",-0.252248
54,B0100,L7_far_low_slow_aggressive,HABFM,15980.498239,126.554717,32.852149,119.680613,-155.085274,10803.756585,496.646663,21723.365946,288.911921,8659.347605,-736.838974,0.793815,False,False,False,False,True,True,True,2-circle,-1.000000,4269.283783,100.000000,100.000000,0.000000,0.000000,-142.358770,-22.463633,-32.934804,0,4,2,0.0000,0.0000,0.0000,0.5000,"DescendTo",-0.201910
55,A0100,adaptive_eagle_v9,HABFM,16268.638208,126.174794,29.178389,122.001416,-155.236973,10698.445585,501.418356,21828.890246,527.621503,9090.632867,-749.980894,0.537624,False,False,False,False,True,True,True,2-circle,-1.000000,4374.934178,100.000000,100.000000,0.000000,0.000000,-135.802118,-15.760151,-32.912874,1,2,4,0.0000,0.0000,0.0000,0.5000,"HeadOnBreak",-0.258861
55,B0100,L7_far_low_slow_aggressive,HABFM,16268.638208,126.174794,29.178389,122.001416,-155.236973,10698.445585,501.418356,21828.890246,527.621503,9090.632867,-749.980894,0.537624,False,False,False,False,True,True,True,2-circle,-1.000000,4374.934178,100.000000,100.000000,0.000000,0.000000,-135.802118,-15.760151,-32.912874,0,4,2,0.0000,0.0000,0.0000,0.5000,"DescendTo",-0.234097
56,A0100,adaptive_eagle_v9,HABFM,16560.954109,125.849228,25.982526,123.046898,-155.379225,10591.243340,506.222842,21936.009116,535.594347,9459.914900,-761.311327,0.297469,False,False,False,False,True,True,True,2-circle,-1.000000,4478.917535,100.000000,100.000000,0.000000,0.000000,-129.135163,-8.943199,-33.532025,1,2,4,0.0000,0.0000,0.0000,0.5000,"HeadOnBreak",-0.278973
56,B0100,L7_far_low_slow_aggressive,HABFM,16560.954109,125.849228,25.982526,123.046898,-155.379225,10591.243340,506.222842,21936.009116,535.594347,9459.914900,-761.311327,0.297469,False,False,False,False,True,True,True,2-circle,-1.000000,4478.917535,100.000000,100.000000,0.000000,0.000000,-129.135163,-8.943199,-33.532025,0,4,2,0.0000,0.0000,0.0000,0.5000,"DescendTo",-0.268601
57,A0100,adaptive_eagle_v9,HABFM,16856.581217,125.830455,23.403984,123.716632,-155.449782,10482.629290,510.209748,22006.796784,353.938342,9723.156636,-772.523260,0.447790,False,False,False,False,True,True,True,2-circle,-1.000000,4580.165102,100.000000,100.000000,0.000000,0.000000,-133.741098,-13.406139,-33.689730,1,2,4,0.0000,0.0000,0.0000,0.5000,"HeadOnBreak",-0.309715
57,B0100,L7_far_low_slow_aggressive,HABFM,16856.581217,125.830455,23.403984,123.716632,-155.449782,10482.629290,510.209748,22006.796784,353.938342,9723.156636,-772.523260,0.447790,False,False,False,False,True,True,True,2-circle,-1.000000,4580.165102,100.000000,100.000000,0.000000,0.000000,-133.741098,-13.406139,-33.689730,0,4,2,0.0000,0.0000,0.0000,0.5000,"DescendTo",-0.299853
58,A0100,adaptive_eagle_v9,HABFM,17155.297527,125.721885,20.864235,124.377913,-155.546675,10373.601177,514.165510,22077.159951,351.815836,9980.583060,-782.019830,0.547478,False,False,False,False,True,True,True,2-circle,-1.000000,4678.183306,100.000000,100.000000,0.000000,0.000000,-136.807576,-16.339246,-33.998599,1,2,4,0.0000,0.0000,0.0000,0.5000,"HeadOnBreak",-0.344189
58,B0100,L7_far_low_slow_aggressive,HABFM,17155.297527,125.721885,20.864235,124.377913,-155.546675,10373.601177,514.165510,22077.159951,351.815836,9980.583060,-782.019830,0.547478,False,False,False,False,True,True,True,2-circle,-1.000000,4678.183306,100.000000,100.000000,0.000000,0.000000,-136.807576,-16.339246,-33.998599,0,4,2,0.0000,0.0000,0.0000,0.5000,"DescendTo",-0.330806
59,A0100,adaptive_eagle_v9,HABFM,17456.551419,125.404245,18.167392,125.158958,-155.721043,10262.895312,518.726139,22174.995117,489.175826,10292.339051,-789.184484,0.287776,False,False,False,False,True,True,True,2-circle,-1.000000,4774.630544,100.000000,100.000000,0.000000,0.000000,-129.424589,-8.821279,-34.461207,1,3,4,0.0000,0.0000,0.0000,0.5000,"HeadOnBreak",-0.377722
59,B0100,L7_far_low_slow_aggressive,HABFM,17456.551419,125.404245,18.167392,125.158958,-155.721043,10262.895312,518.726139,22174.995117,489.175826,10292.339051,-789.184484,0.287776,False,False,False,False,True,True,True,2-circle,-1.000000,4774.630544,100.000000,100.000000,0.000000,0.000000,-129.424589,-8.821279,-34.461207,0,4,2,0.0000,0.0000,0.0000,0.5000,"DescendTo",-0.367918
60,A0100,adaptive_eagle_v9,HABFM,17760.182073,125.445074,15.592118,126.335206,-155.876789,10150.623639,522.800864,22250.603610,378.042468,10578.473786,-797.691599,0.039150,False,False,False,False,True,True,True,2-circle,-1.000000,4870.081613,100.000000,100.000000,0.000000,0.000000,-121.962037,-1.216841,-32.846999,1,3,4,0.0000,0.0000,0.0000,0.5000,"HeadOnBreak",-0.413565
60,B0100,L7_far_low_slow_aggressive,HABFM,17760.182073,125.445074,15.592118,126.335206,-155.876789,10150.623639,522.800864,22250.603610,378.042468,10578.473786,-797.691599,0.039150,False,False,False,False,True,True,True,2-circle,-1.000000,4870.081613,100.000000,100.000000,0.000000,0.000000,-121.962037,-1.216841,-32.846999,0,4,2,0.0000,0.0000,0.0000,0.5000,"DescendTo",-0.417633
61,A0100,adaptive_eagle_v9,HABFM,18067.660108,126.913812,13.275223,128.836571,-156.026348,10040.111322,525.741415,22276.589430,129.929097,10798.676099,-816.038429,0.167654,False,False,False,False,True,True,True,2-circle,-1.000000,4962.145220,100.000000,100.000000,0.000000,0.000000,-126.100574,-5.218051,-27.505522,1,3,4,0.0000,0.0000,0.0000,0.5000,"HeadOnBreak",-0.451609
61,B0100,L7_far_low_slow_aggressive,HABFM,18067.660108,126.913812,13.275223,128.836571,-156.026348,10040.111322,525.741415,22276.589430,129.929097,10798.676099,-816.038429,0.167654,False,False,False,False,True,True,True,2-circle,-1.000000,4962.145220,100.000000,100.000000,0.000000,0.000000,-126.100574,-5.218051,-27.505522,0,4,2,0.0000,0.0000,0.0000,0.5000,"DescendTo",-0.447775
62,A0100,adaptive_eagle_v9,HABFM,18379.896123,128.154396,11.110549,131.505590,-155.883984,9934.656413,527.975997,22275.374078,-6.076756,11002.008226,-830.303044,0.627812,False,False,False,False,True,True,True,2-circle,-1.000000,5048.474344,100.000000,100.000000,0.000000,0.000000,-139.935001,-18.928023,-28.685574,1,3,4,0.0000,0.0000,0.0000,0.5000,"HeadOnBreak",-0.480416
62,B0100,L7_far_low_slow_aggressive,HABFM,18379.896123,128.154396,11.110549,131.505590,-155.883984,9934.656413,527.975997,22275.374078,-6.076756,11002.008226,-830.303044,0.627812,False,False,False,False,True,True,True,2-circle,-1.000000,5048.474344,100.000000,100.000000,0.000000,0.000000,-139.935001,-18.928023,-28.685574,0,4,2,0.0000,0.0000,0.0000,0.5000,"DescendTo",-0.474185
63,A0100,adaptive_eagle_v9,HABFM,18694.506677,128.310174,8.914474,133.493788,-156.003653,9831.044117,531.389026,22331.827251,282.265865,11321.435934,-834.600142,0.764706,False,False,False,False,True,True,True,2-circle,-1.000000,5132.615539,100.000000,100.000000,0.000000,0.000000,-143.912945,-22.769713,-30.243624,1,3,4,0.0000,0.0000,0.0000,0.5000,"HeadOnBreak",-0.497325
63,B0100,L7_far_low_slow_aggressive,HABFM,18694.506677,128.310174,8.914474,133.493788,-156.003653,9831.044117,531.389026,22331.827251,282.265865,11321.435934,-834.600142,0.764706,False,False,False,False,True,True,True,2-circle,-1.000000,5132.615539,100.000000,100.000000,0.000000,0.000000,-143.912945,-22.769713,-30.243624,0,4,2,0.0000,0.0000,0.0000,0.5000,"DescendTo",-0.507307
64,A0100,adaptive_eagle_v9,HABFM,19009.961376,128.234923,7.262486,134.468837,-156.289700,9726.408001,535.737328,22432.613449,503.930989,11670.414913,-836.932600,0.509523,False,False,False,False,True,True,True,2-circle,-1.000000,5216.217035,100.000000,100.000000,0.000000,0.000000,-137.022420,-15.721697,-30.789842,1,3,4,0.0000,0.0000,0.0000,0.5000,"HeadOnBreak",-0.527057
64,B0100,L7_far_low_slow_aggressive,HABFM,19009.961376,128.234923,7.262486,134.468837,-156.289700,9726.408001,535.737328,22432.613449,503.930989,11670.414913,-836.932600,0.509523,False,False,False,False,True,True,True,2-circle,-1.000000,5216.217035,100.000000,100.000000,0.000000,0.000000,-137.022420,-15.721697,-30.789842,0,4,2,0.0000,0.0000,0.0000,0.5000,"DescendTo",-0.540859
65,A0100,adaptive_eagle_v9,HABFM,19325.973833,128.144586,6.854622,134.935491,-156.598850,9620.343180,540.029598,22530.965723,491.761371,11951.142253,-839.133499,0.268610,False,False,False,False,True,True,True,2-circle,-1.000000,5299.042135,100.000000,100.000000,0.000000,0.000000,-129.966832,-8.493786,-31.403059,1,3,4,0.0000,0.0000,0.0000,0.5000,"HeadOnBreak",-0.562265
65,B0100,L7_far_low_slow_aggressive,HABFM,19325.973833,128.144586,6.854622,134.935491,-156.598850,9620.343180,540.029598,22530.965723,491.761371,11951.142253,-839.133499,0.268610,False,False,False,False,True,True,True,2-circle,-1.000000,5299.042135,100.000000,100.000000,0.000000,0.000000,-129.966832,-8.493786,-31.403059,0,4,2,0.0000,0.0000,0.0000,0.5000,"DescendTo",-0.576337
66,A0100,adaptive_eagle_v9,HABFM,19642.645014,128.239328,7.528414,135.603231,-156.872679,9513.087867,543.536642,22591.942487,304.883820,12172.628200,-841.572401,0.431582,False,False,False,False,True,True,True,2-circle,-1.000000,5381.479385,100.000000,100.000000,0.000000,0.000000,-135.214712,-13.556463,-31.979942,1,3,4,0.0000,0.0000,0.0000,0.5000,"HeadOnBreak",-0.597749
66,B0100,L7_far_low_slow_aggressive,HABFM,19642.645014,128.239328,7.528414,135.603231,-156.872679,9513.087867,543.536642,22591.942487,304.883820,12172.628200,-841.572401,0.431582,False,False,False,False,True,True,True,2-circle,-1.000000,5381.479385,100.000000,100.000000,0.000000,0.000000,-135.214712,-13.556463,-31.979942,0,4,2,0.0000,0.0000,0.0000,0.5000,"DescendTo",-0.608936
67,A0100,adaptive_eagle_v9,HABFM,19959.735371,128.173459,9.063972,136.283767,-157.177660,9405.214982,547.038952,22653.161328,306.094201,12402.647760,-841.325152,0.486170,False,False,False,False,True,True,True,2-circle,-1.000000,5463.787204,100.000000,100.000000,0.000000,0.000000,-137.124639,-15.266097,-32.256818,1,3,4,0.0000,0.0000,0.0000,0.5000,"HeadOnBreak",-0.631802
67,B0100,L7_far_low_slow_aggressive,HABFM,19959.735371,128.173459,9.063972,136.283767,-157.177660,9405.214982,547.038952,22653.161328,306.094201,12402.647760,-841.325152,0.486170,False,False,False,False,True,True,True,2-circle,-1.000000,5463.787204,100.000000,100.000000,0.000000,0.000000,-137.124639,-15.266097,-32.256818,0,4,2,0.0000,0.0000,0.0000,0.5000,"DescendTo",-0.642009
68,A0100,adaptive_eagle_v9,HABFM,20276.669569,127.980837,11.386858,137.106810,-157.515807,9295.653931,551.053957,22738.781170,428.099214,12696.460913,-837.999720,0.226835,False,False,False,False,True,True,True,2-circle,-1.000000,5548.005623,100.000000,100.000000,0.000000,0.000000,-129.382026,-7.297969,-32.566779,1,3,4,0.0000,0.0000,0.0000,0.5000,"HeadOnBreak",-0.654435
68,B0100,L7_far_low_slow_aggressive,HABFM,20276.669569,127.980837,11.386858,137.106810,-157.515807,9295.653931,551.053957,22738.781170,428.099214,12696.460913,-837.999720,0.226835,False,False,False,False,True,True,True,2-circle,-1.000000,5548.005623,100.000000,100.000000,0.000000,0.000000,-129.382026,-7.297969,-32.566779,0,4,2,0.0000,0.0000,0.0000,0.5000,"DescendTo",-0.677510
69,A0100,adaptive_eagle_v9,HABFM,20592.680720,128.113398,14.437812,138.165280,-157.810284,9184.804784,554.356716,22789.558530,253.886796,13003.178902,-833.525132,0.379605,False,False,False,False,True,True,True,2-circle,-1.000000,5634.289413,100.000000,100.000000,0.000000,0.000000,-134.488509,-12.147955,-32.445956,1,3,4,0.0000,0.0000,0.0000,0.5000,"HeadOnBreak",-0.673295
69,B0100,L7_far_low_slow_aggressive,HABFM,20592.680720,128.113398,14.437812,138.165280,-157.810284,9184.804784,554.356716,22789.558530,253.886796,13003.178902,-833.525132,0.379605,False,False,False,False,True,True,True,2-circle,-1.000000,5634.289413,100.000000,100.000000,0.000000,0.000000,-134.488509,-12.147955,-32.445956,0,4,2,0.0000,0.0000,0.0000,0.5000,"DescendTo",-0.706215
70,A0100,adaptive_eagle_v9,HABFM,20906.972272,128.142316,17.231359,138.226207,-158.121284,9073.705903,557.746517,22845.350036,278.957534,13293.445678,-828.114888,0.410395,False,False,False,False,True,True,True,2-circle,-1.000000,5720.546969,100.000000,100.000000,0.000000,0.000000,-135.779861,-13.157396,-32.607622,1,3,4,0.0000,0.0000,0.0000,0.5000,"HeadOnBreak",-0.707388
70,B0100,L7_far_low_slow_aggressive,HABFM,20906.972272,128.142316,17.231359,138.226207,-158.121284,9073.705903,557.746517,22845.350036,278.957534,13293.445678,-828.114888,0.410395,False,False,False,False,True,True,True,2-circle,-1.000000,5720.546969,100.000000,100.000000,0.000000,0.000000,-135.779861,-13.157396,-32.607622,0,4,2,0.0000,0.0000,0.0000,0.5000,"DescendTo",-0.734244
71,A0100,adaptive_eagle_v9,HABFM,21219.545367,128.002500,19.422358,137.799826,-158.490468,8961.222949,561.689175,22928.256187,414.530752,13554.214217,-823.659270,0.156884,False,False,False,False,True,True,True,2-circle,-1.000000,5807.073516,100.000000,100.000000,0.000000,0.000000,-128.059624,-5.133929,-32.941573,1,3,4,0.0000,0.0000,0.0000,0.5000,"HeadOnBreak",-0.741791
71,B0100,L7_far_low_slow_aggressive,HABFM,21219.545367,128.002500,19.422358,137.799826,-158.490468,8961.222949,561.689175,22928.256187,414.530752,13554.214217,-823.659270,0.156884,False,False,False,False,True,True,True,2-circle,-1.000000,5807.073516,100.000000,100.000000,0.000000,0.000000,-128.059624,-5.133929,-32.941573,0,4,2,0.0000,0.0000,0.0000,0.5000,"DescendTo",-0.770119
72,A0100,adaptive_eagle_v9,HABFM,21531.131364,128.477319,21.548532,138.177703,-158.803599,8847.892994,564.446520,22952.391802,120.678075,13733.963244,-823.497261,0.308273,False,False,False,False,True,True,True,2-circle,-1.000000,5893.790905,100.000000,100.000000,0.000000,0.000000,-133.290505,-10.044658,-30.942024,1,3,4,0.0000,0.0000,0.0000,0.5000,"HeadOnBreak",-0.771601
72,B0100,L7_far_low_slow_aggressive,HABFM,21531.131364,128.477319,21.548532,138.177703,-158.803599,8847.892994,564.446520,22952.391802,120.678075,13733.963244,-823.497261,0.308273,False,False,False,False,True,True,True,2-circle,-1.000000,5893.790905,100.000000,100.000000,0.000000,0.000000,-133.290505,-10.044658,-30.942024,0,4,2,0.0000,0.0000,0.0000,0.5000,"DescendTo",-0.806146
73,A0100,adaptive_eagle_v9,HABFM,21843.000579,129.770174,24.175483,139.788947,-158.797298,8737.768856,566.871781,22963.733838,56.710180,13930.935489,-826.959560,0.306643,False,False,False,False,True,True,True,2-circle,-1.000000,5977.546900,100.000000,100.000000,0.000000,0.000000,-133.592103,-10.019910,-26.745710,1,3,4,0.0000,0.0000,0.0000,0.5000,"HeadOnBreak",-0.788812
73,B0100,L7_far_low_slow_aggressive,HABFM,21843.000579,129.770174,24.175483,139.788947,-158.797298,8737.768856,566.871781,22963.733838,56.710180,13930.935489,-826.959560,0.306643,False,False,False,False,True,True,True,2-circle,-1.000000,5977.546900,100.000000,100.000000,0.000000,0.000000,-133.592103,-10.019910,-26.745710,0,4,2,0.0000,0.0000,0.0000,0.5000,"DescendTo",-0.827803
74,A0100,adaptive_eagle_v9,HABFM,22153.605249,130.195497,27.461846,139.913350,-159.074404,8630.258055,569.331090,22979.926228,80.961950,14181.437770,-818.616469,0.459617,False,False,False,False,True,True,True,2-circle,-1.000000,6059.494903,100.000000,100.000000,0.000000,0.000000,-138.789204,-14.873617,-31.276898,1,3,4,0.0000,0.0000,0.0000,0.5000,"HeadOnBreak",-0.805534
74,B0100,L7_far_low_slow_aggressive,HABFM,22153.605249,130.195497,27.461846,139.913350,-159.074404,8630.258055,569.331090,22979.926228,80.961950,14181.437770,-818.616469,0.459617,False,False,False,False,True,True,True,2-circle,-1.000000,6059.494903,100.000000,100.000000,0.000000,0.000000,-138.789204,-14.873617,-31.276898,0,4,2,0.0000,0.0000,0.0000,0.5000,"DescendTo",-0.846926
75,A0100,adaptive_eagle_v9,HABFM,22460.387947,130.251105,30.411334,138.799261,-159.411138,8522.698754,572.213003,23018.008596,190.411840,14432.237027,-808.082510,0.466293,False,False,False,False,True,True,True,2-circle,-1.000000,6141.281072,100.000000,100.000000,0.000000,0.000000,-139.416616,-15.131107,-30.469640,1,3,4,0.0000,0.0000,0.0000,0.5000,"HeadOnBreak",-0.837574
75,B0100,L7_far_low_slow_aggressive,HABFM,22460.387947,130.251105,30.411334,138.799261,-159.411138,8522.698754,572.213003,23018.008596,190.411840,14432.237027,-808.082510,0.466293,False,False,False,False,True,True,True,2-circle,-1.000000,6141.281072,100.000000,100.000000,0.000000,0.000000,-139.416616,-15.131107,-30.469640,0,4,2,0.0000,0.0000,0.0000,0.5000,"DescendTo",-0.868927
76,A0100,adaptive_eagle_v9,HABFM,22764.000923,130.184933,32.651029,137.551412,-159.803808,8414.084712,575.767902,23090.059559,360.254817,14663.364617,-800.309043,0.205367,False,False,False,False,True,True,True,2-circle,-1.000000,6223.116813,100.000000,100.000000,0.000000,0.000000,-131.500315,-6.822814,-31.069500,1,3,4,0.0000,0.0000,0.0000,0.5000,"HeadOnBreak",-0.866952
76,B0100,L7_far_low_slow_aggressive,HABFM,22764.000923,130.184933,32.651029,137.551412,-159.803808,8414.084712,575.767902,23090.059559,360.254817,14663.364617,-800.309043,0.205367,False,False,False,False,True,True,True,2-circle,-1.000000,6223.116813,100.000000,100.000000,0.000000,0.000000,-131.500315,-6.822814,-31.069500,0,4,2,0.0000,0.0000,0.0000,0.5000,"DescendTo",-0.895709
77,A0100,adaptive_eagle_v9,HABFM,23065.352772,130.403003,34.782373,136.791058,-160.180129,8304.583003,578.660638,23128.396471,191.684557,14846.533253,-794.549209,0.355804,False,False,False,False,True,True,True,2-circle,-1.000000,6305.292250,100.000000,100.000000,0.000000,0.000000,-136.839974,-11.751007,-30.912436,1,3,4,0.0000,0.0000,0.0000,0.5000,"HeadOnBreak",-0.887805
77,B0100,L7_far_low_slow_aggressive,HABFM,23065.352772,130.403003,34.782373,136.791058,-160.180129,8304.583003,578.660638,23128.396471,191.684557,14846.533253,-794.549209,0.355804,False,False,False,False,True,True,True,2-circle,-1.000000,6305.292250,100.000000,100.000000,0.000000,0.000000,-136.839974,-11.751007,-30.912436,0,4,2,0.0000,0.0000,0.0000,0.5000,"DescendTo",-0.917906
78,A0100,adaptive_eagle_v9,HABFM,23364.258108,130.491046,37.396444,135.955037,-160.540794,8195.112014,581.631010,23171.502828,215.531785,15074.017631,-784.069842,0.352090,False,False,False,False,True,True,True,2-circle,-1.000000,6387.796673,100.000000,100.000000,0.000000,0.000000,-137.194338,-11.672638,-31.076990,1,3,4,0.0000,0.0000,0.0000,0.5000,"HeadOnBreak",-0.894840
78,B0100,L7_far_low_slow_aggressive,HABFM,23364.258108,130.491046,37.396444,135.955037,-160.540794,8195.112014,581.631010,23171.502828,215.531785,15074.017631,-784.069842,0.352090,False,False,False,False,True,True,True,2-circle,-1.000000,6387.796673,100.000000,100.000000,0.000000,0.000000,-137.194338,-11.672638,-31.076990,0,4,2,0.0000,0.0000,0.0000,0.5000,"DescendTo",-0.935305
79,A0100,adaptive_eagle_v9,HABFM,23658.813444,130.398655,40.692996,134.366606,-160.960021,8084.520779,585.115344,23240.884983,346.910778,15386.365939,-767.115299,0.097738,False,False,False,False,True,True,True,2-circle,-1.000000,6472.379211,100.000000,100.000000,0.000000,0.000000,-129.284409,-3.296769,-31.374255,2,6,4,0.0000,0.0000,0.0000,0.5000,"ExtensionBreak",-0.908813
79,B0100,L7_far_low_slow_aggressive,HABFM,23658.813444,130.398655,40.692996,134.366606,-160.960021,8084.520779,585.115344,23240.884983,346.910778,15386.365939,-767.115299,0.097738,False,False,False,False,True,True,True,2-circle,-1.000000,6472.379211,100.000000,100.000000,0.000000,0.000000,-129.284409,-3.296769,-31.374255,0,4,2,0.0000,0.0000,0.0000,0.5000,"DescendTo",-0.951176
80,A0100,adaptive_eagle_v9,HABFM,23948.010122,130.617042,43.458601,132.581746,-161.387236,7973.049058,587.914623,23274.780759,169.478877,15623.311191,-754.868796,0.250809,False,False,False,False,True,True,True,2-circle,-1.000000,6557.804125,100.000000,100.000000,0.000000,0.000000,-134.919030,-8.435526,-31.176465,4,0,3,0.0000,0.0000,0.0000,0.5000,"SmartHighYoYo",-0.946417
80,B0100,L7_far_low_slow_aggressive,HABFM,23948.010122,130.617042,43.458601,132.581746,-161.387236,7973.049058,587.914623,23274.780759,169.478877,15623.311191,-754.868796,0.250809,False,False,False,False,True,True,True,2-circle,-1.000000,6557.804125,100.000000,100.000000,0.000000,0.000000,-134.919030,-8.435526,-31.176465,0,4,2,0.0000,0.0000,0.0000,0.5000,"DescendTo",-0.967684
81,A0100,adaptive_eagle_v9,HABFM,24234.199524,130.704979,44.998658,131.294813,-161.780700,7861.649770,590.790701,23313.459804,193.395225,15778.549714,-749.347018,0.243513,False,False,False,False,True,True,True,2-circle,-1.000000,6642.321241,100.000000,100.000000,0.000000,0.000000,-135.215423,-8.220830,-31.327181,1,0,4,0.0000,0.0000,0.0000,0.5000,"SmartHighYoYo",-0.971681
81,B0100,L7_far_low_slow_aggressive,HABFM,24234.199524,130.704979,44.998658,131.294813,-161.780700,7861.649770,590.790701,23313.459804,193.395225,15778.549714,-749.347018,0.243513,False,False,False,False,True,True,True,2-circle,-1.000000,6642.321241,100.000000,100.000000,0.000000,0.000000,-135.215423,-8.220830,-31.327181,0,4,2,0.0000,0.0000,0.0000,0.5000,"DescendTo",-0.987298
82,A0100,adaptive_eagle_v9,HABFM,24518.469262,130.461787,46.531185,129.853828,-162.231621,7748.997714,594.030743,23370.755576,286.478860,15942.217565,-741.207668,0.003060,False,False,False,False,True,True,True,2-circle,-1.000000,6727.605568,100.000000,100.000000,0.000000,0.000000,-127.418414,0.104439,-32.345060,1,0,4,0.0000,0.0000,0.0000,0.5000,"SmartHighYoYo",-0.982940
82,B0100,L7_far_low_slow_aggressive,HABFM,24518.469262,130.461787,46.531185,129.853828,-162.231621,7748.997714,594.030743,23370.755576,286.478860,15942.217565,-741.207668,0.003060,False,False,False,False,True,True,True,2-circle,-1.000000,6727.605568,100.000000,100.000000,0.000000,0.000000,-127.418414,0.104439,-32.345060,0,4,2,0.0000,0.0000,0.0000,0.5000,"DescendTo",-1.010197
83,A0100,adaptive_eagle_v9,HABFM,24799.734972,130.734524,48.812351,128.666617,-162.690860,7634.951263,596.217656,23371.943268,5.938461,16093.101576,-731.140316,0.157036,False,False,False,False,True,True,True,2-circle,-1.000000,6814.580722,100.000000,100.000000,0.000000,0.000000,-133.430275,-5.355269,-30.667059,1,0,4,0.0000,0.0000,0.0000,0.5000,"SmartHighYoYo",-0.983444
83,B0100,L7_far_low_slow_aggressive,HABFM,24799.734972,130.734524,48.812351,128.666617,-162.690860,7634.951263,596.217656,23371.943268,5.938461,16093.101576,-731.140316,0.157036,False,False,False,False,True,True,True,2-circle,-1.000000,6814.580722,100.000000,100.000000,0.000000,0.000000,-133.430275,-5.355269,-30.667059,0,4,2,0.0000,0.0000,0.0000,0.5000,"DescendTo",-1.031547
84,A0100,adaptive_eagle_v9,HABFM,25077.879954,132.175971,51.913532,127.877203,-162.908008,7524.069319,598.179067,23364.773355,-35.849567,16295.967229,-724.181916,0.130288,False,False,False,False,True,True,True,2-circle,-1.000000,6899.338074,100.000000,100.000000,0.000000,0.000000,-133.097359,-4.455401,-26.030874,1,0,4,0.0000,0.0000,0.0000,0.5000,"SmartHighYoYo",-0.987672
84,B0100,L7_far_low_slow_aggressive,HABFM,25077.879954,132.175971,51.913532,127.877203,-162.908008,7524.069319,598.179067,23364.773355,-35.849567,16295.967229,-724.181916,0.130288,False,False,False,False,True,True,True,2-circle,-1.000000,6899.338074,100.000000,100.000000,0.000000,0.000000,-133.097359,-4.455401,-26.030874,0,4,2,0.0000,0.0000,0.0000,0.5000,"DescendTo",-1.028666
85,A0100,adaptive_eagle_v9,HABFM,25351.065572,132.281152,54.770252,125.394665,-163.337525,7415.702518,600.098415,23358.224266,-32.745442,16479.161878,-706.897084,0.281413,False,False,False,False,True,True,True,2-circle,-1.000000,6981.589200,100.000000,100.000000,0.000000,0.000000,-138.796049,-9.570326,-32.017655,1,0,4,0.0000,0.0000,0.0000,0.5000,"SmartHighYoYo",-1.004603
85,B0100,L7_far_low_slow_aggressive,HABFM,25351.065572,132.281152,54.770252,125.394665,-163.337525,7415.702518,600.098415,23358.224266,-32.745442,16479.161878,-706.897084,0.281413,False,False,False,False,True,True,True,2-circle,-1.000000,6981.589200,100.000000,100.000000,0.000000,0.000000,-138.796049,-9.570326,-32.017655,0,4,2,0.0000,0.0000,0.0000,0.5000,"DescendTo",-1.031954
86,A0100,adaptive_eagle_v9,HABFM,25618.475844,132.208156,56.938383,123.253339,-163.737469,7306.201679,602.372790,23369.796823,57.862784,16627.724931,-693.163396,0.249745,False,False,False,False,True,True,True,2-circle,-1.000000,7064.149769,100.000000,100.000000,0.000000,0.000000,-138.363075,-8.529948,-29.674278,1,0,4,0.0000,0.0000,0.0000,0.5000,"SmartHighYoYo",-1.018479
86,B0100,L7_far_low_slow_aggressive,HABFM,25618.475844,132.208156,56.938383,123.253339,-163.737469,7306.201679,602.372790,23369.796823,57.862784,16627.724931,-693.163396,0.249745,False,False,False,False,True,True,True,2-circle,-1.000000,7064.149769,100.000000,100.000000,0.000000,0.000000,-138.363075,-8.529948,-29.674278,0,4,2,0.0000,0.0000,0.0000,0.5000,"DescendTo",-1.038813
87,A0100,adaptive_eagle_v9,HABFM,25881.532324,131.824261,59.012991,121.132366,-164.179668,7195.616363,605.049691,23402.299637,162.514068,16795.363109,-677.370268,0.005930,False,False,False,False,True,True,True,2-circle,-1.000000,7147.371124,100.000000,100.000000,0.000000,0.000000,-130.258454,0.204643,-32.518196,1,0,4,0.0000,0.0000,0.0000,0.5000,"SmartHighYoYo",-1.019502
87,B0100,L7_far_low_slow_aggressive,HABFM,25881.532324,131.824261,59.012991,121.132366,-164.179668,7195.616363,605.049691,23402.299637,162.514068,16795.363109,-677.370268,0.005930,False,False,False,False,True,True,True,2-circle,-1.000000,7147.371124,100.000000,100.000000,0.000000,0.000000,-130.258454,0.204643,-32.518196,0,4,2,0.0000,0.0000,0.0000,0.5000,"DescendTo",-1.047137
88,A0100,adaptive_eagle_v9,HABFM,26139.098537,131.826652,61.592444,119.147923,-164.632524,7082.991369,606.998968,23394.268393,-40.156219,16967.040156,-659.851728,0.147326,False,False,False,False,True,True,True,2-circle,-1.000000,7233.110196,100.000000,100.000000,0.000000,0.000000,-136.203673,-5.080283,-30.684646,1,0,4,0.0000,0.0000,0.0000,0.5000,"SmartHighYoYo",-1.005531
88,B0100,L7_far_low_slow_aggressive,HABFM,26139.098537,131.826652,61.592444,119.147923,-164.632524,7082.991369,606.998968,23394.268393,-40.156219,16967.040156,-659.851728,0.147326,False,False,False,False,True,True,True,2-circle,-1.000000,7233.110196,100.000000,100.000000,0.000000,0.000000,-136.203673,-5.080283,-30.684646,0,4,2,0.0000,0.0000,0.0000,0.5000,"DescendTo",-1.045011
89,A0100,adaptive_eagle_v9,HABFM,26390.167580,131.651116,64.874952,116.415647,-165.084103,6970.248633,609.146699,23397.157520,14.445635,17205.609928,-634.844262,0.114656,False,False,False,False,True,True,True,2-circle,-1.000000,7320.059235,100.000000,100.000000,0.000000,0.000000,-135.777938,-3.966109,-32.571400,4,0,3,0.0000,0.0000,0.0000,0.5000,"SmartHighYoYo",-0.996132
89,B0100,L7_far_low_slow_aggressive,HABFM,26390.167580,131.651116,64.874952,116.415647,-165.084103,6970.248633,609.146699,23397.157520,14.445635,17205.609928,-634.844262,0.114656,False,False,False,False,True,True,True,2-circle,-1.000000,7320.059235,100.000000,100.000000,0.000000,0.000000,-135.777938,-3.966109,-32.571400,0,4,2,0.0000,0.0000,0.0000,0.5000,"DescendTo",-1.039282
90,A0100,adaptive_eagle_v9,HABFM,26632.932944,131.943011,67.834495,113.628248,-165.559719,6856.081071,611.689185,23420.402977,116.227287,17439.265773,-616.339041,0.128172,False,False,False,False,True,True,True,2-circle,-1.000000,7408.529169,100.000000,100.000000,0.000000,0.000000,-128.086419,4.443773,-28.523514,1,0,4,0.0000,0.0000,0.0000,0.5000,"SmartHighYoYo",-1.011119
90,B0100,L7_far_low_slow_aggressive,HABFM,26632.932944,131.943011,67.834495,113.628248,-165.559719,6856.081071,611.689185,23420.402977,116.227287,17439.265773,-616.339041,0.128172,False,False,False,False,True,True,True,2-circle,-1.000000,7408.529169,100.000000,100.000000,0.000000,0.000000,-128.086419,4.443773,-28.523514,0,4,2,0.0000,0.0000,0.0000,0.5000,"DescendTo",-1.047476
91,A0100,adaptive_eagle_v9,HABFM,26871.784688,133.433606,70.051828,111.822180,-166.174539,6745.398798,613.236327,23393.618802,-133.920876,17549.668051,-613.061227,0.029576,False,False,False,False,True,True,True,2-circle,-1.000000,7492.763868,100.000000,100.000000,0.000000,0.000000,-134.279057,-1.028563,-27.600303,1,0,4,0.0000,0.0000,0.0000,0.5000,"SmartHighYoYo",-1.018164
91,B0100,L7_far_low_slow_aggressive,HABFM,26871.784688,133.433606,70.051828,111.822180,-166.174539,6745.398798,613.236327,23393.618802,-133.920876,17549.668051,-613.061227,0.029576,False,False,False,False,True,True,True,2-circle,-1.000000,7492.763868,100.000000,100.000000,0.000000,0.000000,-134.279057,-1.028563,-27.600303,0,4,2,0.0000,0.0000,0.0000,0.5000,"DescendTo",-1.036880
92,A0100,adaptive_eagle_v9,HABFM,27106.606104,133.229379,72.149457,109.610599,-166.641165,6636.399119,614.374899,23346.496717,-235.610426,17625.426649,-595.824988,0.444604,False,False,False,False,True,True,True,2-circle,-1.000000,7574.982494,100.000000,100.000000,0.000000,0.000000,-149.091473,-15.111350,-31.672315,1,0,4,0.0000,0.0000,0.0000,0.5000,"SmartHighYoYo",-1.009783
92,B0100,L7_far_low_slow_aggressive,HABFM,27106.606104,133.229379,72.149457,109.610599,-166.641165,6636.399119,614.374899,23346.496717,-235.610426,17625.426649,-595.824988,0.444604,False,False,False,False,True,True,True,2-circle,-1.000000,7574.982494,100.000000,100.000000,0.000000,0.000000,-149.091473,-15.111350,-31.672315,0,4,2,0.0000,0.0000,0.0000,0.5000,"DescendTo",-1.034102
93,A0100,adaptive_eagle_v9,HABFM,27335.532550,133.199394,74.734407,107.429327,-167.003666,6526.469842,616.473150,23350.901013,22.021481,17805.716949,-576.424179,0.395278,False,False,False,False,True,True,True,2-circle,-1.000000,7658.711135,100.000000,100.000000,0.000000,0.000000,-148.260194,-13.526184,-29.828757,1,0,4,0.0000,0.0000,0.0000,0.5000,"SmartHighYoYo",-0.984747
93,B0100,L7_far_low_slow_aggressive,HABFM,27335.532550,133.199394,74.734407,107.429327,-167.003666,6526.469842,616.473150,23350.901013,22.021481,17805.716949,-576.424179,0.395278,False,False,False,False,True,True,True,2-circle,-1.000000,7658.711135,100.000000,100.000000,0.000000,0.000000,-148.260194,-13.526184,-29.828757,0,4,2,0.0000,0.0000,0.0000,0.5000,"DescendTo",-1.021773
94,A0100,adaptive_eagle_v9,HABFM,27556.853479,132.810508,78.027265,104.343465,-167.482034,6415.161159,619.144735,23385.731044,174.150153,18076.875364,-548.324973,0.140964,False,False,False,False,True,True,True,2-circle,-1.000000,7745.043331,100.000000,100.000000,0.000000,0.000000,-140.434631,-4.917537,-30.955747,1,0,4,0.0000,0.0000,0.0000,0.5000,"SmartHighYoYo",-0.966700
94,B0100,L7_far_low_slow_aggressive,HABFM,27556.853479,132.810508,78.027265,104.343465,-167.482034,6415.161159,619.144735,23385.731044,174.150153,18076.875364,-548.324973,0.140964,False,False,False,False,True,True,True,2-circle,-1.000000,7745.043331,100.000000,100.000000,0.000000,0.000000,-140.434631,-4.917537,-30.955747,0,4,2,0.0000,0.0000,0.0000,0.5000,"DescendTo",-1.006788
95,A0100,adaptive_eagle_v9,HABFM,27769.510583,132.933496,80.990993,101.307718,-167.900874,6302.704755,621.401470,23397.212941,57.409487,18298.811254,-526.846899,0.310531,False,False,False,False,True,True,True,2-circle,-1.000000,7832.772020,100.000000,100.000000,0.000000,0.000000,-147.079053,-10.755649,-30.409196,1,0,4,0.0000,0.0000,0.0000,0.5000,"SmartHighYoYo",-0.970264
95,B0100,L7_far_low_slow_aggressive,HABFM,27769.510583,132.933496,80.990993,101.307718,-167.900874,6302.704755,621.401470,23397.212941,57.409487,18298.811254,-526.846899,0.310531,False,False,False,False,True,True,True,2-circle,-1.000000,7832.772020,100.000000,100.000000,0.000000,0.000000,-147.079053,-10.755649,-30.409196,0,4,2,0.0000,0.0000,0.0000,0.5000,"DescendTo",-0.993427
96,A0100,adaptive_eagle_v9,HABFM,27975.779198,132.938995,83.205351,98.905571,-168.281679,6190.471795,623.762136,23415.108698,89.478783,18461.970511,-510.493837,0.277103,False,False,False,False,True,True,True,2-circle,-1.000000,7919.653131,100.000000,100.000000,0.000000,0.000000,-146.785522,-9.643310,-30.517249,1,0,4,0.0000,0.0000,0.0000,0.5000,"SmartHighYoYo",-0.969227
96,B0100,L7_far_low_slow_aggressive,HABFM,27975.779198,132.938995,83.205351,98.905571,-168.281679,6190.471795,623.762136,23415.108698,89.478783,18461.970511,-510.493837,0.277103,False,False,False,False,True,True,True,2-circle,-1.000000,7919.653131,100.000000,100.000000,0.000000,0.000000,-146.785522,-9.643310,-30.517249,0,4,2,0.0000,0.0000,0.0000,0.5000,"DescendTo",-1.032059
97,A0100,adaptive_eagle_v9,HABFM,28176.659511,132.733344,85.297279,96.683707,-168.721242,6077.207198,626.782730,23469.070034,269.806684,18662.682418,-493.656596,0.034174,False,False,False,False,True,True,True,2-circle,-1.000000,8007.341464,100.000000,100.000000,0.000000,0.000000,-139.181680,-1.204514,-30.776921,1,0,4,0.0000,0.0000,0.0000,0.5000,"SmartHighYoYo",-0.955168
97,B0100,L7_far_low_slow_aggressive,HABFM,28176.659511,132.733344,85.297279,96.683707,-168.721242,6077.207198,626.782730,23469.070034,269.806684,18662.682418,-493.656596,0.034174,False,False,False,False,True,True,True,2-circle,-1.000000,8007.341464,100.000000,100.000000,0.000000,0.000000,-139.181680,-1.204514,-30.776921,0,4,2,0.0000,0.0000,0.0000,0.5000,"DescendTo",-1.205206
98,A0100,adaptive_eagle_v9,HABFM,28371.955291,132.889603,87.883267,94.391213,-169.163984,5963.213716,629.021067,23479.516342,52.231536,18855.494356,-475.284145,0.208079,False,False,False,False,True,True,True,2-circle,-1.000000,8096.452416,100.000000,100.000000,0.000000,0.000000,-146.140134,-7.311098,-30.545555,4,0,3,0.0000,0.0000,0.0000,0.5000,"SmartHighYoYo",-0.941549
98,B0100,L7_far_low_slow_aggressive,HABFM,28371.955291,132.889603,87.883267,94.391213,-169.163984,5963.213716,629.021067,23479.516342,52.231536,18855.494356,-475.284145,0.208079,False,False,False,False,True,True,True,2-circle,-1.000000,8096.452416,100.000000,100.000000,0.000000,0.000000,-146.140134,-7.311098,-30.545555,0,4,2,0.0000,0.0000,0.0000,0.5000,"DescendTo",-1.175789
99,A0100,adaptive_eagle_v9,DBFM,28560.764078,132.747162,90.445815,92.009640,-169.583319,5849.426361,631.105022,23481.984750,12.342042,19034.068225,-454.417442,0.175743,False,False,False,False,True,True,True,2-circle,-1.000000,8186.607898,100.000000,100.000000,0.000000,0.000000,-145.891930,-6.196291,-31.481670,1,1,4,0.0000,0.0000,0.0000,0.5000,"SmartHighYoYo",-0.930352
99,B0100,L7_far_low_slow_aggressive,DBFM,28560.764078,132.747162,90.445815,92.009640,-169.583319,5849.426361,631.105022,23481.984750,12.342042,19034.068225,-454.417442,0.175743,False,False,False,False,True,True,True,2-circle,-1.000000,8186.607898,100.000000,100.000000,0.000000,0.000000,-145.891930,-6.196291,-31.481670,3,0,0,0.0000,0.0000,0.0000,0.5000,"Pursue",-1.147465
100,A0100,adaptive_eagle_v9,DBFM,28743.290815,133.042448,93.031920,89.824554,-169.936765,5734.679958,632.830137,23463.766673,-91.090386,19199.655392,-436.924271,0.339076,False,False,False,False,True,True,True,1-circle,-1.000000,8278.875166,100.000000,100.000000,0.000000,0.000000,-152.424517,-11.846225,-29.064587,1,1,4,0.0000,0.0000,0.0000,0.5000,"SmartHighYoYo",-0.897645
100,B0100,L7_far_low_slow_aggressive,DBFM,28743.290815,133.042448,93.031920,89.824554,-169.936765,5734.679958,632.830137,23463.766673,-91.090386,19199.655392,-436.924271,0.339076,False,False,False,False,True,True,True,1-circle,-1.000000,8278.875166,100.000000,100.000000,0.000000,0.000000,-152.424517,-11.846225,-29.064587,3,0,0,0.0000,0.0000,0.0000,0.5000,"Pursue",-1.190145
101,A0100,adaptive_eagle_v9,DBFM,28920.520019,134.601091,96.324125,87.475446,-169.831343,5624.095870,634.274922,23434.227890,-147.693915,19400.026610,-424.606640,0.269343,False,False,False,False,True,True,True,1-circle,-1.000000,8368.463627,100.000000,100.000000,0.000000,0.000000,-150.931157,-9.468385,-25.186275,1,1,4,0.0000,0.0000,0.0000,0.5000,"SmartHighYoYo",-0.875246
101,B0100,L7_far_low_slow_aggressive,DBFM,28920.520019,134.601091,96.324125,87.475446,-169.831343,5624.095870,634.274922,23434.227890,-147.693915,19400.026610,-424.606640,0.269343,False,False,False,False,True,True,True,1-circle,-1.000000,8368.463627,100.000000,100.000000,0.000000,0.000000,-150.931157,-9.468385,-25.186275,3,0,0,0.0000,0.0000,0.0000,0.5000,"Pursue",-1.149358
102,A0100,adaptive_eagle_v9,DBFM,29092.032831,136.460955,99.261871,84.926213,-169.746465,5519.397847,634.427011,23338.072091,-480.778993,19487.362783,-416.504079,0.428120,False,False,False,False,True,True,True,1-circle,-1.000000,8452.622101,100.000000,100.000000,0.000000,0.000000,-157.171992,-14.833292,-22.318006,1,1,4,0.0000,0.0000,0.0000,0.5000,"SmartHighYoYo",-0.874295
102,B0100,L7_far_low_slow_aggressive,DBFM,29092.032831,136.460955,99.261871,84.926213,-169.746465,5519.397847,634.427011,23338.072091,-480.778993,19487.362783,-416.504079,0.428120,False,False,False,False,True,True,True,1-circle,-1.000000,8452.622101,100.000000,100.000000,0.000000,0.000000,-157.171992,-14.833292,-22.318006,3,0,0,0.0000,0.0000,0.0000,0.5000,"Pursue",-1.047964
103,A0100,adaptive_eagle_v9,DBFM,29259.920609,138.729689,101.450371,83.912374,-168.745031,5423.777365,633.001501,23162.467103,-878.024939,19412.723145,-415.690402,1.149796,False,False,False,False,True,True,True,1-circle,-1.000000,8527.256749,100.000000,100.000000,0.000000,0.000000,-178.533546,-35.333717,-19.477719,1,1,4,0.0000,0.0000,0.0000,0.5000,"SmartHighYoYo",-0.860614
103,B0100,L7_far_low_slow_aggressive,DBFM,29259.920609,138.729689,101.450371,83.912374,-168.745031,5423.777365,633.001501,23162.467103,-878.024939,19412.723145,-415.690402,1.149796,False,False,False,False,True,True,True,1-circle,-1.000000,8527.256749,100.000000,100.000000,0.000000,0.000000,-178.533546,-35.333717,-19.477719,3,0,0,0.0000,0.0000,0.0000,0.5000,"Pursue",-0.988480
104,A0100,adaptive_eagle_v9,DBFM,29424.064773,140.195447,103.537762,83.711526,-167.064053,5337.062280,632.058288,23022.927828,-697.696378,19356.773790,-409.279961,1.374956,False,False,False,False,True,True,True,1-circle,-1.000000,8592.921788,100.000000,100.000000,0.000000,0.000000,175.714361,-40.220395,-16.817576,1,1,4,0.0000,0.0000,0.0000,0.5000,"SmartHighYoYo",-0.830603
104,B0100,L7_far_low_slow_aggressive,DBFM,29424.064773,140.195447,103.537762,83.711526,-167.064053,5337.062280,632.058288,23022.927828,-697.696378,19356.773790,-409.279961,1.374956,False,False,False,False,True,True,True,1-circle,-1.000000,8592.921788,100.000000,100.000000,0.000000,0.000000,175.714361,-40.220395,-16.817576,3,0,0,0.0000,0.0000,0.0000,0.5000,"Pursue",-0.977102
105,A0100,adaptive_eagle_v9,DBFM,29583.444577,141.630931,106.118254,82.972734,-165.677380,5257.905494,631.681996,22922.718970,-501.044291,19376.693255,-399.386779,0.994446,False,False,False,False,True,True,True,1-circle,-1.000000,8651.881956,100.000000,100.000000,0.000000,0.000000,-176.359136,-31.413729,-14.493974,1,1,4,0.0000,0.0000,0.0000,0.5000,"SmartHighYoYo",-0.779126
105,B0100,L7_far_low_slow_aggressive,DBFM,29583.444577,141.630931,106.118254,82.972734,-165.677380,5257.905494,631.681996,22922.718970,-501.044291,19376.693255,-399.386779,0.994446,False,False,False,False,True,True,True,1-circle,-1.000000,8651.881956,100.000000,100.000000,0.000000,0.000000,-176.359136,-31.413729,-14.493974,3,0,0,0.0000,0.0000,0.0000,0.5000,"Pursue",-200.990609
